AccountID,Account_Type,TransactionID,PostingDate,TransactionDate,Amount,Description,Transaction_Category,MCC,MCC_Description,Transaction_status,Currency,Transaction_Type,Source_Transaction_Type,Data_Date
JOHN_PERSONAL,Personal,57d66297-6485-4f63-9289-3ad326da3080,2024-01-01,2024-01-01,3000.0,Direct Deposit,Paycheck,9961,Direct Deposit,Posted,USD,Credit,Credit,2025-11-21 16:48:47.630176
JOHN_PERSONAL,Personal,f9aef656-f074-4d26-a05c-a424a6e94a3f,2024-01-01,2024-01-01,69.14,Vocational and Trade Schools,Education,8249,Vocational and Trade Schools,Posted,USD,Debit,Debit,2025-11-21 16:48:47.630176
JOHN_PERSONAL,Personal,57eb7d11-da65-40da-9488-2f9261289b33,2024-01-02,2024-01-02,146.05,"Antique Shops Sales, Repairs, and Restoration Services",Shopping,5932,"Antique Shops Sales, Repairs, and Restoration Services",Posted,USD,Debit,Debit,2025-11-21 16:48:47.630176
JOHN_PERSONAL,Personal,c462197f-9f9b-435b-9031-bd98c7565cd1,2024-01-03,2024-01-03,65.57,Financial Institutions Manual Cash Disbursements,Business Services,6010,Financial Institutions Manual Cash Disbursements,Posted,USD,Debit,Debit,2025-11-21 16:48:47.630176
JOHN_PERSONAL,Personal,1e84a457-8e82-4b0d-adee-f6749df86516,2024-01-03,2024-01-03,221.71,Advertising Services,Business Services,7311,Advertising Services,Posted,USD,Debit,Debit,2025-11-21 16:48:47.630176
JOHN_PERSONAL,Personal,21ef2a6a-b025-4465-81d6-784d6a1e1e92,2024-01-04,2024-01-04,288.54,Chemicals and Allied Products (Not Elsewhere Classified),Shopping,5169,Chemicals and Allied Products (Not Elsewhere Classified),Posted,USD,Debit,Debit,2025-11-21 16:48:47.630176
JOHN_PERSONAL,Personal,7a0122f7-0361-4750-8109-89ead74fa410,2024-01-04,2024-01-04,143.75,Automotive Body Repair Shops,Business Services,7531,Automotive Body Repair Shops,Posted,USD,Debit,Debit,2025-11-21 16:48:47.630176
JOHN_PERSONAL,Personal,7f582580-c4da-4ed1-ac8e-f0a9e6a54b5e,2024-01-05,2024-01-05,349.99,Bakeries,Shopping,5462,Bakeries,Posted,USD,Debit,Debit,2025-11-21 16:48:47.630176
JOHN_PERSONAL,Personal,d6a328bc-b5d7-4fdd-addc-3281b5ab0cbd,2024-01-06,2024-01-06,230.07,Stenographic and Secretarial Support,Business Services,7339,Stenographic and Secretarial Support,Posted,USD,Debit,Debit,2025-11-21 16:48:47.630176
JOHN_PERSONAL,Personal,7b48272f-1176-41d0-8e1d-b99a896a73a7,2024-01-07,2024-01-07,211.22,Duty Free Stores,Shopping,5309,Duty Free Stores,Posted,USD,Debit,Debit,2025-11-21 16:48:47.630176
JOHN_PERSONAL,Personal,ee07df4f-b844-4f57-8080-b8f418c35bb2,2024-01-08,2024-01-08,50.85,Non-Financial Institutions Stored Value Card Purchase/Load,Business Services,6540,Non-Financial Institutions Stored Value Card Purchase/Load,Posted,USD,Debit,Debit,2025-11-21 16:48:47.630176
JOHN_PERSONAL,Personal,bdee2dd0-d29f-4b3e-9fd3-183bf4207d16,2024-01-09,2024-01-09,73.82,Automotive Paint Shops,Business Services,7535,Automotive Paint Shops,Posted,USD,Debit,Debit,2025-11-21 16:48:47.630176
JOHN_PERSONAL,Personal,478ef639-1ee3-4e2c-b62a-8588b056fd97,2024-01-09,2024-01-09,252.94,Digital Goods Games,Shopping,5816,Digital Goods Games,Posted,USD,Debit,Debit,2025-11-21 16:48:47.630176
JOHN_PERSONAL,Personal,8fe91897-6aeb-4c6a-82a8-1b15eca9fa49,2024-01-10,2024-01-10,418.14,Durable Goods (Not Elsewhere Classified),Shopping,5099,Durable Goods (Not Elsewhere Classified),Posted,USD,Debit,Debit,2025-11-21 16:48:47.630176
JOHN_PERSONAL,Personal,f6a5b9f3-e412-4719-a4a1-b5b999e3a34e,2024-01-10,2024-01-10,185.81,"Stationery, Office Supplies, Printing and Writing Paper",Shopping,5111,"Stationery, Office Supplies, Printing and Writing Paper",Posted,USD,Debit,Debit,2025-11-21 16:48:47.630176
JOHN_PERSONAL,Personal,1d96733c-5805-44c3-99ed-aa2f64d0cfdf,2024-01-10,2024-01-10,34.96,Sports and Riding Apparel Stores,Shopping,5655,Sports and Riding Apparel Stores,Posted,USD,Debit,Debit,2025-11-21 16:48:47.630176
JOHN_PERSONAL,Personal,04dc7039-12cd-428d-a66e-0937062ca73f,2024-01-10,2024-01-10,419.05,Bail and Bond Payments,Business Services,9223,Bail and Bond Payments,Posted,USD,Debit,Debit,2025-11-21 16:48:47.630176
JOHN_PERSONAL,Personal,0467bce0-989e-4810-b7fd-018b9e1d10d0,2024-01-10,2024-01-10,114.92,Motion Picture and Video Tape Production and Distribution,Entertainment,7829,Motion Picture and Video Tape Production and Distribution,Posted,USD,Debit,Debit,2025-11-21 16:48:47.630176
JOHN_PERSONAL,Personal,7419804e-1aa7-4c66-89e7-e0a806f0f7a7,2024-01-11,2024-01-11,133.09,Motor Home and Recreational Vehicle Rentals,Business Services,7519,Motor Home and Recreational Vehicle Rentals,Posted,USD,Debit,Debit,2025-11-21 16:48:47.630176
JOHN_PERSONAL,Personal,3d403028-d6eb-42d7-8a9e-6cbcf69e8ba0,2024-01-12,2024-01-12,57.35,Women Ready-To-Wear Stores ..,Shopping,5621,Women Ready-To-Wear Stores ..,Posted,USD,Debit,Debit,2025-11-21 16:48:47.630176
JOHN_PERSONAL,Personal,000e1b22-5315-457e-bdb7-7146c7d5037c,2024-01-12,2024-01-12,282.99,Non-Financial Institutions Stored Value Card Purchase/Load,Business Services,6540,Non-Financial Institutions Stored Value Card Purchase/Load,Posted,USD,Debit,Debit,2025-11-21 16:48:47.630176
JOHN_PERSONAL,Personal,11f3650a-7efa-496b-9f5f-975302cea4d4,2024-01-13,2024-01-13,144.29,Fast Food Restaurants,Food & Dining,5814,Fast Food Restaurants,Posted,USD,Debit,Debit,2025-11-21 16:48:47.630176
JOHN_PERSONAL,Personal,f765a74b-a3e9-4870-ba81-f0836e6e16b9,2024-01-15,2024-01-15,3000.0,Direct Deposit,Paycheck,9961,Direct Deposit,Posted,USD,Credit,Credit,2025-11-21 16:48:47.630176
JOHN_PERSONAL,Personal,efebc0d8-5435-4406-b8b0-47c74492fd03,2024-01-16,2024-01-16,280.48,"Miscellaneous Automotive, Aircraft, and Farm Equipment Dealers (Not Elsewhere Classified)",Shopping,5599,"Miscellaneous Automotive, Aircraft, and Farm Equipment Dealers (Not Elsewhere Classified)",Posted,USD,Debit,Debit,2025-11-21 16:48:47.630176
JOHN_PERSONAL,Personal,98f9cd8f-6da0-4740-bde2-32d2007fe1d2,2024-01-16,2024-01-16,2362.48,ACH Deposit,Financial,9963,ACH Deposit,Posted,USD,Credit,Credit,2025-11-21 16:48:47.630176
JOHN_PERSONAL,Personal,4a25b146-b6c6-4de5-9162-a30d86009c87,2024-01-17,2024-01-17,338.97,"Florists Supplies, Nursery Stock and Flowers",Shopping,5193,"Florists Supplies, Nursery Stock and Flowers",Posted,USD,Debit,Debit,2025-11-21 16:48:47.630176
JOHN_PERSONAL,Personal,e53ad98c-7863-48f2-9355-bb99b108b9c6,2024-01-18,2024-01-18,155.83,Floor Covering Stores,Shopping,5713,Floor Covering Stores,Posted,USD,Debit,Debit,2025-11-21 16:48:47.630176
JOHN_PERSONAL,Personal,79aa7152-26f1-4c5c-ad21-c8fd03fe7428,2024-01-19,2024-01-19,284.35,Carpet and Upholstery Cleaning,Business Services,7217,Carpet and Upholstery Cleaning,Posted,USD,Debit,Debit,2025-11-21 16:48:47.630176
JOHN_PERSONAL,Personal,88f16fe5-2b34-45fd-9d9c-246dbdee6cdc,2024-01-19,2024-01-19,258.87,Metal Service Centers and Offices,Shopping,5051,Metal Service Centers and Offices,Posted,USD,Debit,Debit,2025-11-21 16:48:47.630176
JOHN_PERSONAL,Personal,a4213daa-6bbc-4299-bd69-07b98be94b83,2024-01-19,2024-01-19,281.53,Women Accessory and Specialty Shops,Shopping,5631,Women Accessory and Specialty Shops,Posted,USD,Debit,Debit,2025-11-21 16:48:47.630176
JOHN_PERSONAL,Personal,2e307bf7-ceb9-4783-b016-ecedc74cb803,2024-01-20,2024-01-20,426.28,Grocery Stores and Supermarkets,Shopping,5411,Grocery Stores and Supermarkets,Posted,USD,Debit,Debit,2025-11-21 16:48:47.630176
JOHN_PERSONAL,Personal,65011439-b1c5-47ab-8f7e-98b2fdaf6d95,2024-01-20,2024-01-20,203.18,Cigar Stores and Stands,Shopping,5993,Cigar Stores and Stands,Posted,USD,Debit,Debit,2025-11-21 16:48:47.630176
JOHN_PERSONAL,Personal,3acdb332-f6b8-4ad4-baeb-694a7806e720,2024-01-22,2024-01-22,210.96,"Furniture, Home Furnishings, and Equipment Stores, Except Appliances",Shopping,5712,"Furniture, Home Furnishings, and Equipment Stores, Except Appliances",Posted,USD,Debit,Debit,2025-11-21 16:48:47.630176
JOHN_PERSONAL,Personal,89ae20ca-bbc4-4422-8e87-ed0a44879429,2024-01-22,2024-01-22,210.14,Landscaping and Horticultural Services,Business Services,780,Landscaping and Horticultural Services,Posted,USD,Debit,Debit,2025-11-21 16:48:47.630176
JOHN_PERSONAL,Personal,f8a32e9e-317f-43a2-8d6f-9f9b9506947f,2024-01-23,2024-01-23,190.19,Religious Goods Stores,Shopping,5973,Religious Goods Stores,Posted,USD,Debit,Debit,2025-11-21 16:48:47.630176
JOHN_PERSONAL,Personal,1dbb04af-0bc8-4ce9-91e2-fccda57bc911,2024-01-23,2024-01-23,760.93,Credit Card Payment,Fees & Charges,9981,Credit Card Payment,Posted,USD,Debit,Debit,2025-11-21 16:48:47.630176
JOHN_PERSONAL,Personal,db7224e1-59f8-42a8-bd26-165feb9b64ce,2024-01-25,2024-01-25,320.51,Duty Free Stores,Shopping,5309,Duty Free Stores,Posted,USD,Debit,Debit,2025-11-21 16:48:47.630176
JOHN_PERSONAL,Personal,6f7e54a1-c1c0-454b-afcc-685439243e1f,2024-01-26,2024-01-26,450.29,Membership Organizations (Not Elsewhere Classified),Business Services,8699,Membership Organizations (Not Elsewhere Classified),Posted,USD,Debit,Debit,2025-11-21 16:48:47.630176
JOHN_PERSONAL,Personal,6957da58-b4cd-49be-858a-af33fae2f5c1,2024-01-28,2024-01-28,86.73,Professional Services (Not Elsewhere Classified),Business Services,8999,Professional Services (Not Elsewhere Classified),Posted,USD,Debit,Debit,2025-11-21 16:48:47.630176
JOHN_PERSONAL,Personal,2994b62e-9f17-433b-bf54-132444cd27d5,2024-01-28,2024-01-28,290.49,Cigar Stores and Stands,Shopping,5993,Cigar Stores and Stands,Posted,USD,Debit,Debit,2025-11-21 16:48:47.630176
JOHN_PERSONAL,Personal,455e8c46-7a67-476f-80ad-611bc03d49a3,2024-01-28,2024-01-28,59.71,Political Organizations,Business Services,8651,Political Organizations,Posted,USD,Debit,Debit,2025-11-21 16:48:47.630176
JOHN_PERSONAL,Personal,f6385ecf-f7a0-4270-891f-74e16743baf9,2024-01-28,2024-01-28,76.05,Intra-Company Purchases,Business Services,9950,Intra-Company Purchases,Posted,USD,Debit,Debit,2025-11-21 16:48:47.630176
JOHN_PERSONAL,Personal,cbb9e682-d8c2-43f6-9b3a-eddabe94eeac,2024-01-29,2024-01-29,215.36,Furriers and Fur Shops,Shopping,5681,Furriers and Fur Shops,Posted,USD,Debit,Debit,2025-11-21 16:48:47.630176
JOHN_PERSONAL,Personal,98be51dc-1ed6-452b-93a1-c3a66cfd7767,2024-01-29,2024-01-29,171.45,"Men, Women, and Children Uniforms and Commercial Clothing",Shopping,5137,"Men, Women, and Children Uniforms and Commercial Clothing",Posted,USD,Debit,Debit,2025-11-21 16:48:47.630176
JOHN_PERSONAL,Personal,2e6e7db4-31e8-47be-9495-cc67df9a4d73,2024-01-29,2024-01-29,188.88,Elementary and Secondary Schools,Education,8211,Elementary and Secondary Schools,Posted,USD,Debit,Debit,2025-11-21 16:48:47.630176
JOHN_PERSONAL,Personal,2944296a-f1a4-4186-acd8-e9ab8c6e953c,2024-01-29,2024-01-29,54.24,Automotive Service Shops (Non-Dealer),Business Services,7538,Automotive Service Shops (Non-Dealer),Posted,USD,Debit,Debit,2025-11-21 16:48:47.630176
JOHN_PERSONAL,Personal,295c7752-4962-45a0-a00f-2ced0d16d23c,2024-01-30,2024-01-30,66.56,Charitable Social Service Organizations,Gifts & Donations,8398,Charitable Social Service Organizations,Posted,USD,Debit,Debit,2025-11-21 16:48:47.630176
JOHN_PERSONAL,Personal,9c5fc407-a8ec-4b52-a9ed-1fef8eb87e28,2024-01-31,2024-01-31,500.0,Monthly Bonus - ACH Deposit,Financial,9963,ACH Deposit,Posted,USD,Credit,Credit,2025-11-21 16:48:47.630176
JOHN_PERSONAL,Personal,7d4e0a7c-2d5b-48b9-aedc-ab54239d1270,2024-01-31,2024-01-31,147.12,Veterinary Services,Business Services,742,Veterinary Services,Posted,USD,Debit,Debit,2025-11-21 16:48:47.630176
JOHN_PERSONAL,Personal,b64b3010-fb8e-4347-a017-82941773b558,2024-02-01,2024-02-01,47.4,Snowmobile Dealers,Shopping,5598,Snowmobile Dealers,Posted,USD,Debit,Debit,2025-11-21 16:48:47.630176
JOHN_PERSONAL,Personal,b2e7a419-8024-440d-b9a6-4567c2f4c3bf,2024-02-01,2024-02-01,3000.0,Direct Deposit,Paycheck,9961,Direct Deposit,Posted,USD,Credit,Credit,2025-11-21 16:48:47.630176
JOHN_PERSONAL,Personal,fdede3f5-9b43-4021-966c-9aa4f2858c9c,2024-02-02,2024-02-02,258.99,Carpet and Upholstery Cleaning,Business Services,7217,Carpet and Upholstery Cleaning,Posted,USD,Debit,Debit,2025-11-21 16:48:47.630176
JOHN_PERSONAL,Personal,a6903236-9410-45e8-b4c1-3e78c53dd9db,2024-02-03,2024-02-03,108.96,Bowling Alleys,Entertainment,7933,Bowling Alleys,Posted,USD,Debit,Debit,2025-11-21 16:48:47.630176
JOHN_PERSONAL,Personal,08b9be60-b6d9-4d66-be09-9691db17fb16,2024-02-03,2024-02-03,187.26,"Colleges, Universities, Professional Schools, and Junior Colleges",Education,8220,"Colleges, Universities, Professional Schools, and Junior Colleges",Posted,USD,Debit,Debit,2025-11-21 16:48:47.630176
JOHN_PERSONAL,Personal,5188c855-f710-4839-b72d-0ca80d02e0fe,2024-02-04,2024-02-04,181.68,"Photographic, Photocopy, Microfilm Equipment and Supplies",Shopping,5044,"Photographic, Photocopy, Microfilm Equipment and Supplies",Posted,USD,Debit,Debit,2025-11-21 16:48:47.630176
JOHN_PERSONAL,Personal,e3d90974-5346-4dbc-ada6-66201d07b485,2024-02-04,2024-02-04,180.2,"Medical, Dental, Ophthalmic and Hospital Equipment and Supplies",Shopping,5047,"Medical, Dental, Ophthalmic and Hospital Equipment and Supplies",Posted,USD,Debit,Debit,2025-11-21 16:48:47.630176
JOHN_PERSONAL,Personal,63347689-c345-48e1-ba4c-dcf3f91cde61,2024-02-05,2024-02-05,65.41,Motion Picture Theaters,Entertainment,7832,Motion Picture Theaters,Posted,USD,Debit,Debit,2025-11-21 16:48:47.630176
JOHN_PERSONAL,Personal,dd0778cf-94b7-4df9-8ed8-7bfe0ce1a7b0,2024-02-07,2024-02-07,290.45,Miscellaneous Personal Services (Not Elsewhere Classified),Business Services,7299,Miscellaneous Personal Services (Not Elsewhere Classified),Posted,USD,Debit,Debit,2025-11-21 16:48:47.630176
JOHN_PERSONAL,Personal,40726243-f6c9-492c-8352-343f3ec7da4b,2024-02-08,2024-02-08,893.87,AMERICAN AIRLINES,Auto & Transport,3001,AMERICAN AIRLINES,Posted,USD,Debit,Debit,2025-11-21 16:48:47.630176
JOHN_PERSONAL,Personal,dce57f6b-e9dd-4945-9057-bae71169c588,2024-02-09,2024-02-09,233.9,Sporting and Recreational Camps,Business Services,7032,Sporting and Recreational Camps,Posted,USD,Debit,Debit,2025-11-21 16:48:47.630176
JOHN_PERSONAL,Personal,45dc73b9-abd5-43c7-9657-350eac659dc4,2024-02-09,2024-02-09,63.81,Political Organizations,Business Services,8651,Political Organizations,Posted,USD,Debit,Debit,2025-11-21 16:48:47.630176
JOHN_PERSONAL,Personal,6e61546b-3e10-456b-a6c0-bf5b60f0364c,2024-02-11,2024-02-11,423.8,Schools and Educational Services (Not Elsewhere Classified),Education,8299,Schools and Educational Services (Not Elsewhere Classified),Posted,USD,Debit,Debit,2025-11-21 16:48:47.630176
JOHN_PERSONAL,Personal,b857a6f4-4e57-45bb-b0dd-1a4bcd37ef10,2024-02-12,2024-02-12,344.37,Miscellaneous Food Stores Convenience Stores and Specialty Markets,Shopping,5499,Miscellaneous Food Stores Convenience Stores and Specialty Markets,Posted,USD,Debit,Debit,2025-11-21 16:48:47.630176
JOHN_PERSONAL,Personal,a4a21543-5e56-453a-8897-5eb4ff170fd4,2024-02-13,2024-02-13,138.76,Consumer Credit Reporting Agencies,Business Services,7321,Consumer Credit Reporting Agencies,Posted,USD,Debit,Debit,2025-11-21 16:48:47.630176
JOHN_PERSONAL,Personal,bbb2472e-9e75-483b-b618-326b1eb337e6,2024-02-13,2024-02-13,42.65,"Typewriter Stores Sales, Rentals, and Service",Shopping,5978,"Typewriter Stores Sales, Rentals, and Service",Posted,USD,Debit,Debit,2025-11-21 16:48:47.630176
JOHN_PERSONAL,Personal,1b224732-3a3a-4f14-8d87-38676bea88af,2024-02-15,2024-02-15,3000.0,Direct Deposit,Paycheck,9961,Direct Deposit,Posted,USD,Credit,Credit,2025-11-21 16:48:47.630176
JOHN_PERSONAL,Personal,3d7d7620-266f-4aed-8361-c47eed489498,2024-02-15,2024-02-15,423.43,"Stationery, Office Supplies, Printing and Writing Paper",Shopping,5111,"Stationery, Office Supplies, Printing and Writing Paper",Posted,USD,Debit,Debit,2025-11-21 16:48:47.630176
JOHN_PERSONAL,Personal,6905e719-d234-4236-a1e5-88f4ad17fa4e,2024-02-16,2024-02-16,123.68,"Management, Consulting, and Public Relations Services",Business Services,7392,"Management, Consulting, and Public Relations Services",Posted,USD,Debit,Debit,2025-11-21 16:48:47.630176
JOHN_PERSONAL,Personal,cf08c98d-02b5-48d9-b587-40e81896d834,2024-02-16,2024-02-16,27.88,NSF Fee,Fees & Charges,9976,NSF Fee,Posted,USD,Debit,Debit,2025-11-21 16:48:47.630176
JOHN_PERSONAL,Personal,117ac5b9-7aab-433a-8f65-87f5a799155d,2024-02-18,2024-02-18,262.56,Health and Beauty Spas,Business Services,7298,Health and Beauty Spas,Posted,USD,Debit,Debit,2025-11-21 16:48:47.630176
JOHN_PERSONAL,Personal,cac42791-e405-4078-a5b5-abb65d8927df,2024-02-18,2024-02-18,126.71,"Court Costs, Including Alimony and Child Support",Business Services,9211,"Court Costs, Including Alimony and Child Support",Posted,USD,Debit,Debit,2025-11-21 16:48:47.630176
JOHN_PERSONAL,Personal,0d83ca7b-b6af-41fc-9240-6e5375117bc9,2024-02-18,2024-02-18,35.09,"Furniture, Home Furnishings, and Equipment Stores, Except Appliances",Shopping,5712,"Furniture, Home Furnishings, and Equipment Stores, Except Appliances",Posted,USD,Debit,Debit,2025-11-21 16:48:47.630176
JOHN_PERSONAL,Personal,f84ecab5-a92b-4bf0-9e26-653f5cfe3c29,2024-02-20,2024-02-20,78.95,Recreation Services (Not Elsewhere Classified),Entertainment,7999,Recreation Services (Not Elsewhere Classified),Posted,USD,Debit,Debit,2025-11-21 16:48:47.630176
JOHN_PERSONAL,Personal,acdf6eb0-c25b-4a48-8ea1-b014f53a5333,2024-02-22,2024-02-22,374.32,"Parking Lots, Parking Meters and Garages",Business Services,7523,"Parking Lots, Parking Meters and Garages",Posted,USD,Debit,Debit,2025-11-21 16:48:47.630176
JOHN_PERSONAL,Personal,7c2d8afa-3b04-486f-ad3e-fbcf8406084e,2024-02-22,2024-02-22,209.58,Massage Parlors,Business Services,7297,Massage Parlors,Posted,USD,Debit,Debit,2025-11-21 16:48:47.630176
JOHN_PERSONAL,Personal,00b9075a-f5b9-41e8-aeb5-b8f36c012956,2024-02-25,2024-02-25,135.41,"Marinas, Marine Service, and Supplies",Auto & Transport,4468,"Marinas, Marine Service, and Supplies",Posted,USD,Debit,Debit,2025-11-21 16:48:47.630176
JOHN_PERSONAL,Personal,56be4e18-1b33-4547-b96d-10059d1b14eb,2024-02-25,2024-02-25,37.07,Package Tour Operators Germany Only,Auto & Transport,4723,Package Tour Operators Germany Only,Posted,USD,Debit,Debit,2025-11-21 16:48:47.630176
JOHN_PERSONAL,Personal,13c740b7-7388-457c-944b-9e49bf39d0c1,2024-02-29,2024-02-29,500.0,Monthly Bonus - ACH Deposit,Financial,9963,ACH Deposit,Posted,USD,Credit,Credit,2025-11-21 16:48:47.630176
JOHN_PERSONAL,Personal,464cb462-ac69-4a94-9b72-9aa235d98408,2024-03-01,2024-03-01,3000.0,Direct Deposit,Paycheck,9961,Direct Deposit,Posted,USD,Credit,Credit,2025-11-21 16:48:47.630176
JOHN_PERSONAL,Personal,7b360404-43ff-4dbf-ab2c-9bb3270f7703,2024-03-01,2024-03-01,241.25,Luggage and Leather Goods Stores,Shopping,5948,Luggage and Leather Goods Stores,Posted,USD,Debit,Debit,2025-11-21 16:48:47.630176
JOHN_PERSONAL,Personal,dc3d662a-98c5-445c-9a09-1cdc52aacc95,2024-03-02,2024-03-02,112.44,"Counseling Services Debt, Marriage, and Personal",Business Services,7277,"Counseling Services Debt, Marriage, and Personal",Posted,USD,Debit,Debit,2025-11-21 16:48:47.630176
JOHN_PERSONAL,Personal,6bd8de95-440d-47d0-ab58-6bd070690635,2024-03-03,2024-03-03,67.73,Nurseries and Lawn and Garden Supply Stores,Shopping,5261,Nurseries and Lawn and Garden Supply Stores,Posted,USD,Debit,Debit,2025-11-21 16:48:47.630176
JOHN_PERSONAL,Personal,2bd21e20-a505-4d0e-8c48-3773ae43f5b4,2024-03-04,2024-03-04,256.0,Digital Goods Large Digital Goods Merchant,Shopping,5818,Digital Goods Large Digital Goods Merchant,Posted,USD,Debit,Debit,2025-11-21 16:48:47.630176
JOHN_PERSONAL,Personal,ef525d0e-f5b1-462d-80d9-2e1e0efbcac4,2024-03-06,2024-03-06,1042.19,UNITED AIRLINES,Auto & Transport,3000,UNITED AIRLINES,Posted,USD,Debit,Debit,2025-11-21 16:48:47.630176
JOHN_PERSONAL,Personal,dc01c085-104b-49f8-a669-fea490879021,2024-03-08,2024-03-08,229.0,"Tailors, Seamstresses, Mending, and Alterations",Shopping,5697,"Tailors, Seamstresses, Mending, and Alterations",Posted,USD,Debit,Debit,2025-11-21 16:48:47.630176
JOHN_PERSONAL,Personal,05f88db3-a10f-4074-816b-210f8bebab99,2024-03-08,2024-03-08,258.95,Child Care Services,Education,8351,Child Care Services,Posted,USD,Debit,Debit,2025-11-21 16:48:47.630176
JOHN_PERSONAL,Personal,59e9b66c-5483-4ce0-ba46-92d574d9e8f0,2024-03-11,2024-03-11,488.02,Computers and Computer Peripheral Equipment and Software,Shopping,5045,Computers and Computer Peripheral Equipment and Software,Posted,USD,Debit,Debit,2025-11-21 16:48:47.630176
JOHN_PERSONAL,Personal,f3e2ecd0-9804-42d6-b5f5-db70ef451ef9,2024-03-11,2024-03-11,23.31,Artist Supply and Craft Shops,Shopping,5970,Artist Supply and Craft Shops,Posted,USD,Debit,Debit,2025-11-21 16:48:47.630176
JOHN_PERSONAL,Personal,7ce4e0d0-3aa6-4635-b381-86c251714ee9,2024-03-11,2024-03-11,186.44,Bus Lines,Auto & Transport,4131,Bus Lines,Posted,USD,Debit,Debit,2025-11-21 16:48:47.630176
JOHN_PERSONAL,Personal,90358d67-baab-4d47-b5c7-7abb920e815a,2024-03-11,2024-03-11,59.02,"Shoe Repair Shops, Shoe Shine Parlors, and Hat Cleaning Shops",Business Services,7251,"Shoe Repair Shops, Shoe Shine Parlors, and Hat Cleaning Shops",Posted,USD,Debit,Debit,2025-11-21 16:48:47.630176
JOHN_PERSONAL,Personal,8815ecfa-7aa6-419c-a9bf-9d0364678005,2024-03-13,2024-03-13,273.3,Direct Marketing Other Direct Marketers (Not Elsewhere Classified),Shopping,5969,Direct Marketing Other Direct Marketers (Not Elsewhere Classified),Posted,USD,Debit,Debit,2025-11-21 16:48:47.630176
JOHN_PERSONAL,Personal,0ad50958-4a5b-430d-90cd-8c5ca4a3a341,2024-03-13,2024-03-13,209.83,"Package Stores Beer, Wine, and Liquor",Shopping,5921,"Package Stores Beer, Wine, and Liquor",Posted,USD,Debit,Debit,2025-11-21 16:48:47.630176
JOHN_PERSONAL,Personal,bacd0ab8-9f56-49c8-b23a-52e7677d345f,2024-03-14,2024-03-14,276.26,Child Care Services,Education,8351,Child Care Services,Posted,USD,Debit,Debit,2025-11-21 16:48:47.630176
JOHN_PERSONAL,Personal,2709dfd8-bf28-4720-84f9-eec5b88fcca1,2024-03-14,2024-03-14,44.08,Government-Owned Lotteries (US Region only),Entertainment,7800,Government-Owned Lotteries (US Region only),Posted,USD,Debit,Debit,2025-11-21 16:48:47.630176
JOHN_PERSONAL,Personal,b9bbcab6-c570-4022-8708-643def231908,2024-03-14,2024-03-14,295.95,Men and Women Clothing Stores,Shopping,5691,Men and Women Clothing Stores,Posted,USD,Debit,Debit,2025-11-21 16:48:47.630176
JOHN_PERSONAL,Personal,e0964f12-4f98-402a-a694-0a15786aa49d,2024-03-15,2024-03-15,3000.0,Direct Deposit,Paycheck,9961,Direct Deposit,Posted,USD,Credit,Credit,2025-11-21 16:48:47.630176
JOHN_PERSONAL,Personal,3c8df636-9dc7-4171-b733-4b32f982e794,2024-03-15,2024-03-15,267.77,Buying and Shopping Services and Clubs,Business Services,7278,Buying and Shopping Services and Clubs,Posted,USD,Debit,Debit,2025-11-21 16:48:47.630176
JOHN_PERSONAL,Personal,257a8d24-9a17-4128-b38f-f7c7afcbb857,2024-03-16,2024-03-16,1206.73,AMERICAN AIRLINES,Auto & Transport,3001,AMERICAN AIRLINES,Posted,USD,Debit,Debit,2025-11-21 16:48:47.630176
JOHN_PERSONAL,Personal,8b2717ce-815f-4620-ac2c-b335262dc323,2024-03-16,2024-03-16,194.41,Snowmobile Dealers,Shopping,5598,Snowmobile Dealers,Posted,USD,Debit,Debit,2025-11-21 16:48:47.630176
JOHN_PERSONAL,Personal,3ddb1733-c837-4c87-912a-e867a51a20be,2024-03-17,2024-03-17,317.22,"Parking Lots, Parking Meters and Garages",Business Services,7523,"Parking Lots, Parking Meters and Garages",Posted,USD,Debit,Debit,2025-11-21 16:48:47.630176
JOHN_PERSONAL,Personal,9287413b-0c3c-4f18-a5e4-1e94916d6dea,2024-03-17,2024-03-17,217.13,Orthopedic Goods Prosthetic Devices,Shopping,5976,Orthopedic Goods Prosthetic Devices,Posted,USD,Debit,Debit,2025-11-21 16:48:47.630176
JOHN_PERSONAL,Personal,ecd42ea6-dd13-4e83-b4fd-175491c09d26,2024-03-17,2024-03-17,214.07,Laundries Family and Commercial,Business Services,7211,Laundries Family and Commercial,Posted,USD,Debit,Debit,2025-11-21 16:48:47.630176
JOHN_PERSONAL,Personal,e24a7b49-b72a-4bcc-b40a-d27461f829d1,2024-03-18,2024-03-18,168.93,Steamship and Cruise Lines,Auto & Transport,4411,Steamship and Cruise Lines,Posted,USD,Debit,Debit,2025-11-21 16:48:47.630176
JOHN_PERSONAL,Personal,c482d3f4-5558-4947-968c-c7d3e7bafdb0,2024-03-19,2024-03-19,168.99,AIR FRANCE,Auto & Transport,3007,AIR FRANCE,Posted,USD,Debit,Debit,2025-11-21 16:48:47.630176
JOHN_PERSONAL,Personal,c84bb4c8-c875-493d-b4f1-971c0156c903,2024-03-19,2024-03-19,47.46,Digital Goods Applications (Excludes Games),Shopping,5817,Digital Goods Applications (Excludes Games),Posted,USD,Debit,Debit,2025-11-21 16:48:47.630176
JOHN_PERSONAL,Personal,f9c85215-c7e4-4a7d-98ff-6783edb93f0f,2024-03-19,2024-03-19,224.19,Automotive Parts and Accessories Stores,Shopping,5533,Automotive Parts and Accessories Stores,Posted,USD,Debit,Debit,2025-11-21 16:48:47.630176
JOHN_PERSONAL,Personal,961e8e74-dac0-4b3d-81bf-9be483fdab3c,2024-03-19,2024-03-19,259.55,Digital Goods Applications (Excludes Games),Shopping,5817,Digital Goods Applications (Excludes Games),Posted,USD,Debit,Debit,2025-11-21 16:48:47.630176
JOHN_PERSONAL,Personal,818ac3dc-cd31-40b6-910b-8c75b62ca75f,2024-03-20,2024-03-20,386.2,Durable Goods (Not Elsewhere Classified),Shopping,5099,Durable Goods (Not Elsewhere Classified),Posted,USD,Debit,Debit,2025-11-21 16:48:47.630176
JOHN_PERSONAL,Personal,40cac18d-f41c-4e52-b6ca-1906d5f29f4a,2024-03-21,2024-03-21,242.19,"Jewelry Stores, Watches, Clocks, and Silverware Stores",Shopping,5944,"Jewelry Stores, Watches, Clocks, and Silverware Stores",Posted,USD,Debit,Debit,2025-11-21 16:48:47.630176
JOHN_PERSONAL,Personal,4d5f049e-781f-4957-81f5-aabe71252a3d,2024-03-22,2024-03-22,7933.61,Incoming Wire Transfer,Financial,9962,Incoming Wire Transfer,Posted,USD,Credit,Credit,2025-11-21 16:48:47.630176
JOHN_PERSONAL,Personal,4c8666c1-0dfb-4dd1-badd-aaebfa56344e,2024-03-24,2024-03-24,59.99,Railroads,Auto & Transport,4011,Railroads,Posted,USD,Debit,Debit,2025-11-21 16:48:47.630176
JOHN_PERSONAL,Personal,ba1580bb-55ab-4eab-9729-67d0775abacb,2024-03-24,2024-03-24,231.12,"Cable, Satellite and Other Pay Television/Radio/Streaming Services",Bills & Utilities,4899,"Cable, Satellite and Other Pay Television/Radio/Streaming Services",Posted,USD,Debit,Debit,2025-11-21 16:48:47.630176
JOHN_PERSONAL,Personal,0f4f1080-043a-4d4d-9d38-8ffed2846c17,2024-03-25,2024-03-25,255.31,"Cable, Satellite and Other Pay Television/Radio/Streaming Services",Bills & Utilities,4899,"Cable, Satellite and Other Pay Television/Radio/Streaming Services",Posted,USD,Debit,Debit,2025-11-21 16:48:47.630176
JOHN_PERSONAL,Personal,203f99bf-e247-4b76-add7-e7df09405341,2024-03-25,2024-03-25,63.62,Pawn Shops,Shopping,5933,Pawn Shops,Posted,USD,Debit,Debit,2025-11-21 16:48:47.630176
JOHN_PERSONAL,Personal,9bc8b7b5-611d-478c-b1c6-5e86b8521a75,2024-03-26,2024-03-26,330.25,"Civic, Social, and Fraternal Associations",Gifts & Donations,8641,"Civic, Social, and Fraternal Associations",Posted,USD,Debit,Debit,2025-11-21 16:48:47.630176
JOHN_PERSONAL,Personal,ee68b87b-a196-4f86-b585-7176f9486ce3,2024-03-26,2024-03-26,296.16,"Drugs, Drug Proprietaries, and Druggist Sundries",Shopping,5122,"Drugs, Drug Proprietaries, and Druggist Sundries",Posted,USD,Debit,Debit,2025-11-21 16:48:47.630176
JOHN_PERSONAL,Personal,846be50e-7a7a-4db2-b365-684f5e3f0a44,2024-03-27,2024-03-27,154.25,Duty Free Stores,Shopping,5309,Duty Free Stores,Posted,USD,Debit,Debit,2025-11-21 16:48:47.630176
JOHN_PERSONAL,Personal,33f1d6b6-a813-47c3-aeef-7a8c570d68cb,2024-03-27,2024-03-27,150.9,"Watch, Clock and Jewelry Repair",Business Services,7631,"Watch, Clock and Jewelry Repair",Posted,USD,Debit,Debit,2025-11-21 16:48:47.630176
JOHN_PERSONAL,Personal,dc93bc8c-6568-42aa-9350-6af1d9033e6b,2024-03-29,2024-03-29,278.16,Health and Beauty Spas,Business Services,7298,Health and Beauty Spas,Posted,USD,Debit,Debit,2025-11-21 16:48:47.630176
JOHN_PERSONAL,Personal,ed27b358-67b5-42d0-996c-ae789fd9b446,2024-03-31,2024-03-31,500.0,Monthly Bonus - ACH Deposit,Financial,9963,ACH Deposit,Posted,USD,Credit,Credit,2025-11-21 16:48:47.630176
JOHN_PERSONAL,Personal,bc622f77-3d71-4ef2-a314-cba9763867be,2024-04-01,2024-04-01,3000.0,Direct Deposit,Paycheck,9961,Direct Deposit,Posted,USD,Credit,Credit,2025-11-21 16:48:47.630176
JOHN_PERSONAL,Personal,47e13daa-e296-4579-b79d-1278e5f931b8,2024-04-03,2024-04-03,16.16,Women Accessory and Specialty Shops,Shopping,5631,Women Accessory and Specialty Shops,Posted,USD,Debit,Debit,2025-11-21 16:48:47.630176
JOHN_PERSONAL,Personal,486f7b3c-e305-4e30-bed2-8141dd2ec267,2024-04-03,2024-04-03,212.76,Direct Marketing Inbound Teleservices Merchant,Shopping,5967,Direct Marketing Inbound Teleservices Merchant,Posted,USD,Debit,Debit,2025-11-21 16:48:47.630176
JOHN_PERSONAL,Personal,bd0b8ac4-96b8-4243-a7bd-10698494bcba,2024-04-03,2024-04-03,55.93,Electronics Repair Shops,Business Services,7622,Electronics Repair Shops,Posted,USD,Debit,Debit,2025-11-21 16:48:47.630176
JOHN_PERSONAL,Personal,9fab35d5-6d86-4693-9ad6-ba179bc91d61,2024-04-04,2024-04-04,224.54,Laundries Family and Commercial,Business Services,7211,Laundries Family and Commercial,Posted,USD,Debit,Debit,2025-11-21 16:48:47.630176
JOHN_PERSONAL,Personal,724f9135-8286-42e5-9bb0-5219530d6d53,2024-04-05,2024-04-05,206.28,Electronics Repair Shops,Business Services,7622,Electronics Repair Shops,Posted,USD,Debit,Debit,2025-11-21 16:48:47.630176
JOHN_PERSONAL,Personal,cafe4a53-0509-4031-8924-0d0ebf491b8a,2024-04-05,2024-04-05,169.92,Women Ready-To-Wear Stores ..,Shopping,5621,Women Ready-To-Wear Stores ..,Posted,USD,Debit,Debit,2025-11-21 16:48:47.630176
JOHN_PERSONAL,Personal,b8742ab7-2777-49af-aa47-5e6c145f8d8c,2024-04-06,2024-04-06,144.97,Chemicals and Allied Products (Not Elsewhere Classified),Shopping,5169,Chemicals and Allied Products (Not Elsewhere Classified),Posted,USD,Debit,Debit,2025-11-21 16:48:47.630176
JOHN_PERSONAL,Personal,712a8ec6-2e34-4a0e-a608-0f82163bcd94,2024-04-06,2024-04-06,243.09,Boat Dealers,Shopping,5551,Boat Dealers,Posted,USD,Debit,Debit,2025-11-21 16:48:47.630176
JOHN_PERSONAL,Personal,d631dc4c-e016-40ce-92f2-7e75f2d127af,2024-04-07,2024-04-07,113.69,DVD/Video Tape Rental Stores,Entertainment,7841,DVD/Video Tape Rental Stores,Posted,USD,Debit,Debit,2025-11-21 16:48:47.630176
JOHN_PERSONAL,Personal,080caad7-80af-422f-b860-0648f25f9f86,2024-04-08,2024-04-08,105.8,Doctors and Physicians (Not Elsewhere Classified),Health & Fitness,8011,Doctors and Physicians (Not Elsewhere Classified),Posted,USD,Debit,Debit,2025-11-21 16:48:47.630176
JOHN_PERSONAL,Personal,1df9c160-85d4-4ca8-a4d9-364d149b8718,2024-04-08,2024-04-08,52.81,Buying and Shopping Services and Clubs,Business Services,7278,Buying and Shopping Services and Clubs,Posted,USD,Debit,Debit,2025-11-21 16:48:47.630176
JOHN_PERSONAL,Personal,e3717cda-0a0b-4a63-b838-1d1e201457eb,2024-04-08,2024-04-08,180.94,Used Merchandise and Secondhand Stores,Shopping,5931,Used Merchandise and Secondhand Stores,Posted,USD,Debit,Debit,2025-11-21 16:48:47.630176
JOHN_PERSONAL,Personal,5af0b03e-f389-4809-81cd-70daa5aa0a3f,2024-04-08,2024-04-08,619.08,Carpentry Contractors,Business Services,1750,Carpentry Contractors,Posted,USD,Debit,Debit,2025-11-21 16:48:47.630176
JOHN_PERSONAL,Personal,9140add8-3cbe-45e9-9185-0eaafabe79c3,2024-04-08,2024-04-08,140.32,Bowling Alleys,Entertainment,7933,Bowling Alleys,Posted,USD,Debit,Debit,2025-11-21 16:48:47.630176
JOHN_PERSONAL,Personal,7b16fded-2173-4fd2-aade-504edc93e6cb,2024-04-09,2024-04-09,229.63,Real Estate Agents and Managers,Business Services,6513,Real Estate Agents and Managers,Posted,USD,Debit,Debit,2025-11-21 16:48:47.630176
JOHN_PERSONAL,Personal,ba7d7bf4-0334-4935-a971-f7c52d7cf2cb,2024-04-10,2024-04-10,185.63,"Gift, Card, Novelty and Souvenir Shops",Shopping,5947,"Gift, Card, Novelty and Souvenir Shops",Posted,USD,Debit,Debit,2025-11-21 16:48:47.630176
JOHN_PERSONAL,Personal,0482d678-9c06-4ce0-a618-0b3aada2a5d7,2024-04-10,2024-04-10,166.97,Shoe Stores,Shopping,5661,Shoe Stores,Posted,USD,Debit,Debit,2025-11-21 16:48:47.630176
JOHN_PERSONAL,Personal,6e73da8c-1a04-45e9-a249-e9dc21e5ff8f,2024-04-11,2024-04-11,184.65,Electrical and Small Appliance Repair Shops,Business Services,7629,Electrical and Small Appliance Repair Shops,Posted,USD,Debit,Debit,2025-11-21 16:48:47.630176
JOHN_PERSONAL,Personal,1e98af7d-fc8e-498d-b087-98bb91128f0b,2024-04-11,2024-04-11,232.13,"Package Stores Beer, Wine, and Liquor",Shopping,5921,"Package Stores Beer, Wine, and Liquor",Posted,USD,Debit,Debit,2025-11-21 16:48:47.630176
JOHN_PERSONAL,Personal,9437d834-8ca5-4fed-8b90-c94e5a377432,2024-04-12,2024-04-12,108.56,Bicycle Shops Sales and Service,Shopping,5940,Bicycle Shops Sales and Service,Posted,USD,Debit,Debit,2025-11-21 16:48:47.630176
JOHN_PERSONAL,Personal,ae9ad3e9-1b02-4aab-b273-484fdef84dee,2024-04-12,2024-04-12,335.87,Lumber and Building Materials Stores,Shopping,5211,Lumber and Building Materials Stores,Posted,USD,Debit,Debit,2025-11-21 16:48:47.630176
JOHN_PERSONAL,Personal,519b736e-8023-4f40-a6b5-8e5390556aa5,2024-04-13,2024-04-13,30.75,Government Licensed On-Line Casinos (On-Line Gambling) (US Region only),Entertainment,7801,Government Licensed On-Line Casinos (On-Line Gambling) (US Region only),Posted,USD,Debit,Debit,2025-11-21 16:48:47.630176
JOHN_PERSONAL,Personal,deb84c30-51a8-421a-a8d0-ee4102cc4f82,2024-04-15,2024-04-15,176.2,Door-To-Door Sales,Shopping,5963,Door-To-Door Sales,Posted,USD,Debit,Debit,2025-11-21 16:48:47.630176
JOHN_PERSONAL,Personal,c78c5d11-27c8-4b86-b200-8bbfcc85a145,2024-04-15,2024-04-15,3000.0,Direct Deposit,Paycheck,9961,Direct Deposit,Posted,USD,Credit,Credit,2025-11-21 16:48:47.630176
JOHN_PERSONAL,Personal,92497c60-c5a3-4d96-9f4c-b9ed83d38281,2024-04-15,2024-04-15,394.46,Metal Service Centers and Offices,Shopping,5051,Metal Service Centers and Offices,Posted,USD,Debit,Debit,2025-11-21 16:48:47.630176
JOHN_PERSONAL,Personal,7495ba2e-652c-49f2-b8c1-8071ba0dae1d,2024-04-18,2024-04-18,14.48,Airlines and Air Carriers (Not Elsewhere Classified),Auto & Transport,4511,Airlines and Air Carriers (Not Elsewhere Classified),Posted,USD,Debit,Debit,2025-11-21 16:48:47.630176
JOHN_PERSONAL,Personal,4fb26e62-22d4-4a53-9931-5a9ef4306764,2024-04-19,2024-04-19,1590.27,Branch Deposit,Financial,9965,Branch Deposit,Posted,USD,Credit,Credit,2025-11-21 16:48:47.630176
JOHN_PERSONAL,Personal,f6e66cca-fc8f-4d51-9017-983865aa13f0,2024-04-20,2024-04-20,87.34,"Car and Truck Dealers (Used Only) Sales, Service, Repairs, Parts, and Leasing",Shopping,5521,"Car and Truck Dealers (Used Only) Sales, Service, Repairs, Parts, and Leasing",Posted,USD,Debit,Debit,2025-11-21 16:48:47.630176
JOHN_PERSONAL,Personal,7074af5a-0cdd-4ddd-adc7-9a1a2947c2eb,2024-04-20,2024-04-20,101.75,"Airports, Flying Fields, and Airport Terminals",Auto & Transport,4582,"Airports, Flying Fields, and Airport Terminals",Posted,USD,Debit,Debit,2025-11-21 16:48:47.630176
JOHN_PERSONAL,Personal,788e60cc-a853-4598-aed0-9aa17ce36a9c,2024-04-24,2024-04-24,125.08,Direct Marketing Catalog Merchant,Shopping,5964,Direct Marketing Catalog Merchant,Posted,USD,Debit,Debit,2025-11-21 16:48:47.630176
JOHN_PERSONAL,Personal,8b5c0f20-69b8-463f-88b5-aaedc7609b09,2024-04-25,2024-04-25,263.38,"Clothing Rental Costumes, Uniforms, Formal Wear",Business Services,7296,"Clothing Rental Costumes, Uniforms, Formal Wear",Posted,USD,Debit,Debit,2025-11-21 16:48:47.630176
JOHN_PERSONAL,Personal,0e0bf319-c12d-4919-b01e-1b13930d3b5c,2024-04-26,2024-04-26,214.98,"Detective Agencies, Protective Services, and Security Services, including Armored Cars, and Guard Dogs",Business Services,7393,"Detective Agencies, Protective Services, and Security Services, including Armored Cars, and Guard Dogs",Posted,USD,Debit,Debit,2025-11-21 16:48:47.630176
JOHN_PERSONAL,Personal,37569599-897b-4096-94a4-6e0ee5c8cea2,2024-04-27,2024-04-27,310.87,Medical and Dental Laboratories,Health & Fitness,8071,Medical and Dental Laboratories,Posted,USD,Debit,Debit,2025-11-21 16:48:47.630176
JOHN_PERSONAL,Personal,8409d66e-4b81-44cf-a8b0-7169159d5f18,2024-04-27,2024-04-27,114.19,SHERATON,Travel,3503,SHERATON,Posted,USD,Debit,Debit,2025-11-21 16:48:47.630176
JOHN_PERSONAL,Personal,7b7db0c7-5961-450c-801f-d4973e349f40,2024-04-28,2024-04-28,394.24,"Architectural, Engineering, and Surveying Services",Business Services,8911,"Architectural, Engineering, and Surveying Services",Posted,USD,Debit,Debit,2025-11-21 16:48:47.630176
JOHN_PERSONAL,Personal,401548d7-cc34-4608-b5c3-89e1e41a9200,2024-04-30,2024-04-30,500.0,Monthly Bonus - ACH Deposit,Financial,9963,ACH Deposit,Posted,USD,Credit,Credit,2025-11-21 16:48:47.630176
JOHN_PERSONAL,Personal,6f2df392-9361-4d70-89f7-943a5ad9ac06,2024-04-30,2024-04-30,162.72,Money Transfer,Bills & Utilities,4829,Money Transfer,Posted,USD,Debit,Debit,2025-11-21 16:48:47.630176
JOHN_PERSONAL,Personal,4fa5c3d7-c342-498a-ad5c-82669d79f7bd,2024-04-30,2024-04-30,120.91,Doctors and Physicians (Not Elsewhere Classified),Health & Fitness,8011,Doctors and Physicians (Not Elsewhere Classified),Posted,USD,Debit,Debit,2025-11-21 16:48:47.630176
JOHN_PERSONAL,Personal,2d1151ad-4c39-4a48-80d3-aaf1d2e224c4,2024-04-30,2024-04-30,134.93,SHERATON,Travel,3503,SHERATON,Posted,USD,Debit,Debit,2025-11-21 16:48:47.630176
JOHN_PERSONAL,Personal,11ed3eed-c5bb-4b04-9115-9b30cab7b91f,2024-04-30,2024-04-30,289.56,Miscellaneous and Specialty Retail Shops,Shopping,5999,Miscellaneous and Specialty Retail Shops,Posted,USD,Debit,Debit,2025-11-21 16:48:47.630176
JOHN_PERSONAL,Personal,1166791f-5dd7-45d4-9118-ec2ab9e47650,2024-05-01,2024-05-01,3000.0,Direct Deposit,Paycheck,9961,Direct Deposit,Posted,USD,Credit,Credit,2025-11-21 16:48:47.630176
JOHN_PERSONAL,Personal,a83b29ef-9a2e-432e-9a3c-0f46eccaf6d1,2024-05-01,2024-05-01,267.78,Snowmobile Dealers,Shopping,5598,Snowmobile Dealers,Posted,USD,Debit,Debit,2025-11-21 16:48:47.630176
JOHN_PERSONAL,Personal,c1f90c02-e47e-47f7-8cb6-61d3258696af,2024-05-02,2024-05-02,78.04,"Public Warehousing and Storage Farm Products, Refrigerated Goods, Household Goods, and Storage",Auto & Transport,4225,"Public Warehousing and Storage Farm Products, Refrigerated Goods, Household Goods, and Storage",Posted,USD,Debit,Debit,2025-11-21 16:48:47.630176
JOHN_PERSONAL,Personal,908036ba-a02e-47d3-8b63-60809dcf8acd,2024-05-03,2024-05-03,199.22,"Detective Agencies, Protective Services, and Security Services, including Armored Cars, and Guard Dogs",Business Services,7393,"Detective Agencies, Protective Services, and Security Services, including Armored Cars, and Guard Dogs",Posted,USD,Debit,Debit,2025-11-21 16:48:47.630176
JOHN_PERSONAL,Personal,5447ae79-0a4c-43d6-8a37-7536cd006787,2024-05-03,2024-05-03,200.82,Automotive Parts and Accessories Stores,Shopping,5533,Automotive Parts and Accessories Stores,Posted,USD,Debit,Debit,2025-11-21 16:48:47.630176
JOHN_PERSONAL,Personal,d0b3deba-ffd1-49bc-b22f-b95a98030f79,2024-05-04,2024-05-04,37.71,Zelle Credit,Financial,9966,Zelle Credit,Posted,USD,Credit,Credit,2025-11-21 16:48:47.630176
JOHN_PERSONAL,Personal,113d52d1-399f-473b-a07f-2951964856c2,2024-05-05,2024-05-05,111.37,"Counseling Services Debt, Marriage, and Personal",Business Services,7277,"Counseling Services Debt, Marriage, and Personal",Posted,USD,Debit,Debit,2025-11-21 16:48:47.630176
JOHN_PERSONAL,Personal,a1f48527-4a35-4515-a495-d1ee4733342f,2024-05-05,2024-05-05,267.02,Miscellaneous and Specialty Retail Shops,Shopping,5999,Miscellaneous and Specialty Retail Shops,Posted,USD,Debit,Debit,2025-11-21 16:48:47.630176
JOHN_PERSONAL,Personal,3bc38fee-b179-4bde-b7a2-2c2bd765aea0,2024-05-07,2024-05-07,322.75,MARRIOTT,Travel,3509,MARRIOTT,Posted,USD,Debit,Debit,2025-11-21 16:48:47.630176
JOHN_PERSONAL,Personal,489bd065-8303-4f69-ab95-81f18b10befc,2024-05-07,2024-05-07,21.24,Direct Marketing Continuity/Subscription Merchant,Shopping,5968,Direct Marketing Continuity/Subscription Merchant,Posted,USD,Debit,Debit,2025-11-21 16:48:47.630176
JOHN_PERSONAL,Personal,d7418cdf-3f23-4143-804e-ffe24399b4a6,2024-05-07,2024-05-07,168.19,Business Services (Not Elsewhere Classified),Business Services,7399,Business Services (Not Elsewhere Classified),Posted,USD,Debit,Debit,2025-11-21 16:48:47.630176
JOHN_PERSONAL,Personal,ccd3f8d6-3b8d-41f2-a851-51feb0bbe422,2024-05-08,2024-05-08,192.47,Government Licensed On-Line Casinos (On-Line Gambling) (US Region only),Entertainment,7801,Government Licensed On-Line Casinos (On-Line Gambling) (US Region only),Posted,USD,Debit,Debit,2025-11-21 16:48:47.630176
JOHN_PERSONAL,Personal,87146b94-1895-43dd-8e77-ab9be9ca02fa,2024-05-09,2024-05-09,388.29,"Florists Supplies, Nursery Stock and Flowers",Shopping,5193,"Florists Supplies, Nursery Stock and Flowers",Posted,USD,Debit,Debit,2025-11-21 16:48:47.630176
JOHN_PERSONAL,Personal,9e1aedd8-22f6-4570-8fee-7a9092ce720a,2024-05-10,2024-05-10,185.73,Floor Covering Stores,Shopping,5713,Floor Covering Stores,Posted,USD,Debit,Debit,2025-11-21 16:48:47.630176
JOHN_PERSONAL,Personal,5c81e92e-3ab6-4c45-be2b-516574697d75,2024-05-11,2024-05-11,158.3,Ticket Agencies and Theatrical Producers (Except Motion Pictures),Entertainment,7922,Ticket Agencies and Theatrical Producers (Except Motion Pictures),Posted,USD,Debit,Debit,2025-11-21 16:48:47.630176
JOHN_PERSONAL,Personal,2db07dee-04bb-48e7-a734-dbbbe24e1ae6,2024-05-11,2024-05-11,171.03,Cosmetic Stores,Shopping,5977,Cosmetic Stores,Posted,USD,Debit,Debit,2025-11-21 16:48:47.630176
JOHN_PERSONAL,Personal,73178efe-25be-44b8-bbc0-9068eab76cd2,2024-05-11,2024-05-11,252.75,Miscellaneous Apparel and Accessory Shops,Shopping,5699,Miscellaneous Apparel and Accessory Shops,Posted,USD,Debit,Debit,2025-11-21 16:48:47.630176
JOHN_PERSONAL,Personal,91943926-2f46-438a-b96b-8e989e999e48,2024-05-12,2024-05-12,298.02,AVIS RENT-A-CAR,Auto & Transport,3389,AVIS RENT-A-CAR,Posted,USD,Debit,Debit,2025-11-21 16:48:47.630176
JOHN_PERSONAL,Personal,29e2237c-066d-4641-b35a-01c6e07b43ab,2024-05-12,2024-05-12,113.18,Drug Stores and Pharmacies,Shopping,5912,Drug Stores and Pharmacies,Posted,USD,Debit,Debit,2025-11-21 16:48:47.630176
JOHN_PERSONAL,Personal,f93bce53-ef7e-4b0a-acc0-4798a59331e1,2024-05-13,2024-05-13,454.65,Marketplaces,Shopping,5262,Marketplaces,Posted,USD,Debit,Debit,2025-11-21 16:48:47.630176
JOHN_PERSONAL,Personal,6d82f5a1-a3f5-4a5c-88be-c5de5f0a4905,2024-05-13,2024-05-13,40.13,Public Golf Courses,Entertainment,7992,Public Golf Courses,Posted,USD,Debit,Debit,2025-11-21 16:48:47.630176
JOHN_PERSONAL,Personal,5b8c6315-bbc4-46e6-8f6a-5355b6a67682,2024-05-14,2024-05-14,218.53,Consumer Credit Reporting Agencies,Business Services,7321,Consumer Credit Reporting Agencies,Posted,USD,Debit,Debit,2025-11-21 16:48:47.630176
JOHN_PERSONAL,Personal,0b6be30e-feaf-4b9c-ab04-c198f2779bf1,2024-05-15,2024-05-15,3000.0,Direct Deposit,Paycheck,9961,Direct Deposit,Posted,USD,Credit,Credit,2025-11-21 16:48:47.630176
JOHN_PERSONAL,Personal,fcae7493-2d04-49e2-98be-2ba4a91d54ab,2024-05-15,2024-05-15,329.17,Metal Service Centers and Offices,Shopping,5051,Metal Service Centers and Offices,Posted,USD,Debit,Debit,2025-11-21 16:48:47.630176
JOHN_PERSONAL,Personal,4044567b-ad62-4470-92c1-f3521b563e3f,2024-05-16,2024-05-16,187.17,Travel Agencies and Tour Operators,Auto & Transport,4722,Travel Agencies and Tour Operators,Posted,USD,Debit,Debit,2025-11-21 16:48:47.630176
JOHN_PERSONAL,Personal,d1a2e823-4264-4c9a-a274-a366b42fadcf,2024-05-16,2024-05-16,110.96,"Paints, Varnishes and Supplies",Shopping,5198,"Paints, Varnishes and Supplies",Posted,USD,Debit,Debit,2025-11-21 16:48:47.630176
JOHN_PERSONAL,Personal,fe422949-7a94-47b8-8ec7-405c9a0c04ed,2024-05-16,2024-05-16,199.98,"Aquariums, Seaquariums, Dolphinariums, and Zoos",Entertainment,7998,"Aquariums, Seaquariums, Dolphinariums, and Zoos",Posted,USD,Debit,Debit,2025-11-21 16:48:47.630176
JOHN_PERSONAL,Personal,8e7f839f-b030-44db-8ae0-da923bfa4faf,2024-05-16,2024-05-16,285.25,"Non-Financial Institutions Foreign Currency, Non-Fiat Currency (for example: Cryptocurrency), Money Orders (Not Money",Business Services,6051,"Non-Financial Institutions Foreign Currency, Non-Fiat Currency (for example: Cryptocurrency), Money Orders (Not Money",Posted,USD,Debit,Debit,2025-11-21 16:48:47.630176
JOHN_PERSONAL,Personal,22b5c304-932f-4425-a347-5ad7e3bc3ad8,2024-05-18,2024-05-18,48.92,"Photographic, Photocopy, Microfilm Equipment and Supplies",Shopping,5044,"Photographic, Photocopy, Microfilm Equipment and Supplies",Posted,USD,Debit,Debit,2025-11-21 16:48:47.630176
JOHN_PERSONAL,Personal,1782e2c7-8ed1-42e6-aeda-142b7feb1b5a,2024-05-21,2024-05-21,27.9,News Dealers and Newsstands,Shopping,5994,News Dealers and Newsstands,Posted,USD,Debit,Debit,2025-11-21 16:48:47.630176
JOHN_PERSONAL,Personal,e0ec757c-67b9-4640-811d-94cc22201881,2024-05-22,2024-05-22,150.24,"Candy, Nut, and Confectionery Stores",Shopping,5441,"Candy, Nut, and Confectionery Stores",Posted,USD,Debit,Debit,2025-11-21 16:48:47.630176
JOHN_PERSONAL,Personal,bd01c84b-28c6-4dca-b02e-6bd5829b9f25,2024-05-22,2024-05-22,161.06,Glassware/Crystal Stores,Shopping,5950,Glassware/Crystal Stores,Posted,USD,Debit,Debit,2025-11-21 16:48:47.630176
JOHN_PERSONAL,Personal,71e7023e-2383-49db-9907-85ebc087a163,2024-05-24,2024-05-24,22.64,Direct Marketing Other Direct Marketers (Not Elsewhere Classified),Shopping,5969,Direct Marketing Other Direct Marketers (Not Elsewhere Classified),Posted,USD,Debit,Debit,2025-11-21 16:48:47.630176
JOHN_PERSONAL,Personal,4c5d5ca2-8236-4844-97db-46630587f5b7,2024-05-24,2024-05-24,629.46,Special Trade Contractors (Not Elsewhere Classified),Business Services,1799,Special Trade Contractors (Not Elsewhere Classified),Posted,USD,Debit,Debit,2025-11-21 16:48:47.630176
JOHN_PERSONAL,Personal,7c1b85d8-6fa7-4c63-88a2-ab0c2e523a5d,2024-05-24,2024-05-24,271.57,Electrical Parts and Equipment,Shopping,5065,Electrical Parts and Equipment,Posted,USD,Debit,Debit,2025-11-21 16:48:47.630176
JOHN_PERSONAL,Personal,8ff2eba3-deec-46c6-a919-a95ccc40cb4a,2024-05-27,2024-05-27,178.31,Miscellaneous Home Furnishing Specialty Stores,Shopping,5719,Miscellaneous Home Furnishing Specialty Stores,Posted,USD,Debit,Debit,2025-11-21 16:48:47.630176
JOHN_PERSONAL,Personal,c981aa46-f653-46f2-a303-a0d67317442e,2024-05-28,2024-05-28,228.1,"Commercial Photography, Art, and Graphics",Business Services,7333,"Commercial Photography, Art, and Graphics",Posted,USD,Debit,Debit,2025-11-21 16:48:47.630176
JOHN_PERSONAL,Personal,0416e9c7-6906-4d20-ab16-a7ccd98268b7,2024-05-29,2024-05-29,15.03,"Photographic, Photocopy, Microfilm Equipment and Supplies",Shopping,5044,"Photographic, Photocopy, Microfilm Equipment and Supplies",Posted,USD,Debit,Debit,2025-11-21 16:48:47.630176
JOHN_PERSONAL,Personal,e4aeb4af-d738-4daf-93d9-165e2637587d,2024-05-29,2024-05-29,96.97,Automotive Paint Shops,Business Services,7535,Automotive Paint Shops,Posted,USD,Debit,Debit,2025-11-21 16:48:47.630176
JOHN_PERSONAL,Personal,5c2c673e-75eb-480d-ab55-f9bccba56ee5,2024-05-31,2024-05-31,151.6,SIXT CAR RENTAL,Auto & Transport,3355,SIXT CAR RENTAL,Posted,USD,Debit,Debit,2025-11-21 16:48:47.630176
JOHN_PERSONAL,Personal,9d86829f-7930-41c9-a8b1-83ca63b61a2d,2024-05-31,2024-05-31,500.0,Monthly Bonus - ACH Deposit,Financial,9963,ACH Deposit,Posted,USD,Credit,Credit,2025-11-21 16:48:47.630176
JOHN_PERSONAL,Personal,3c04758f-2708-4881-bf29-37e3996a4628,2024-05-31,2024-05-31,156.28,Billiard and Pool Establishments,Entertainment,7932,Billiard and Pool Establishments,Posted,USD,Debit,Debit,2025-11-21 16:48:47.630176
JOHN_PERSONAL,Personal,a12cf686-8ca4-4a47-8b05-1264c6c22237,2024-05-31,2024-05-31,29.13,"Insurance Sales, Underwriting, and Premiums",Business Services,6300,"Insurance Sales, Underwriting, and Premiums",Posted,USD,Debit,Debit,2025-11-21 16:48:47.630176
JOHN_PERSONAL,Personal,21f94daf-c44c-41f0-9f1c-9b08ea83a6e1,2024-05-31,2024-05-31,62.22,Government-Licensed Horse/Dog Racing (US Region only),Entertainment,7802,Government-Licensed Horse/Dog Racing (US Region only),Posted,USD,Debit,Debit,2025-11-21 16:48:47.630176
JOHN_PERSONAL,Personal,1ff9f939-c50f-4365-b4d8-6d4501da6753,2024-05-31,2024-05-31,913.81,General Contractors Residential and Commercial,Business Services,1520,General Contractors Residential and Commercial,Posted,USD,Debit,Debit,2025-11-21 16:48:47.630176
JOHN_PERSONAL,Personal,54ab9991-ec77-4b21-ada6-2dafc8ce63d0,2024-06-01,2024-06-01,109.57,Computer Network/Information Services,Bills & Utilities,4816,Computer Network/Information Services,Posted,USD,Debit,Debit,2025-11-21 16:48:47.630176
JOHN_PERSONAL,Personal,8be56fbf-707b-46b1-8044-5a4f4caa4341,2024-06-01,2024-06-01,3000.0,Direct Deposit,Paycheck,9961,Direct Deposit,Posted,USD,Credit,Credit,2025-11-21 16:48:47.630176
JOHN_PERSONAL,Personal,7ee21a40-5309-42b6-b1e5-cb5bf7e22095,2024-06-02,2024-06-02,189.27,Video Game Arcades/Establishments,Entertainment,7994,Video Game Arcades/Establishments,Posted,USD,Debit,Debit,2025-11-21 16:48:47.630176
JOHN_PERSONAL,Personal,e8415d8f-6dd5-4c55-a988-6ed558c359f2,2024-06-02,2024-06-02,267.6,Tent and Awning Shops,Shopping,5998,Tent and Awning Shops,Posted,USD,Debit,Debit,2025-11-21 16:48:47.630176
JOHN_PERSONAL,Personal,caba789b-3a67-45d8-bb70-e61cff738e90,2024-06-03,2024-06-03,364.58,"Computer Maintenance, Repair and Services (Not Elsewhere Classified)",Business Services,7379,"Computer Maintenance, Repair and Services (Not Elsewhere Classified)",Posted,USD,Debit,Debit,2025-11-21 16:48:47.630176
JOHN_PERSONAL,Personal,a6e73770-b24e-4256-a339-3f389341b66b,2024-06-04,2024-06-04,74.04,"Hardware, Equipment and Supplies",Shopping,5072,"Hardware, Equipment and Supplies",Posted,USD,Debit,Debit,2025-11-21 16:48:47.630176
JOHN_PERSONAL,Personal,de5fb13c-86ef-4616-a566-b9a8aa8957c6,2024-06-04,2024-06-04,38.21,Sporting and Recreational Camps,Business Services,7032,Sporting and Recreational Camps,Posted,USD,Debit,Debit,2025-11-21 16:48:47.630176
JOHN_PERSONAL,Personal,d64f5f16-6e6e-4b6c-bb8f-ba8a61df818f,2024-06-05,2024-06-05,250.41,Cigar Stores and Stands,Shopping,5993,Cigar Stores and Stands,Posted,USD,Debit,Debit,2025-11-21 16:48:47.630176
JOHN_PERSONAL,Personal,2ef9d416-98e2-4899-a094-810871e10c17,2024-06-05,2024-06-05,395.08,Snowmobile Dealers,Shopping,5598,Snowmobile Dealers,Posted,USD,Debit,Debit,2025-11-21 16:48:47.630176
JOHN_PERSONAL,Personal,707de286-1cb6-4d6e-9c87-6809c3d6d813,2024-06-05,2024-06-05,181.88,Automated Fuel Dispensers,Shopping,5542,Automated Fuel Dispensers,Posted,USD,Debit,Debit,2025-11-21 16:48:47.630176
JOHN_PERSONAL,Personal,99e263eb-8383-4454-b1df-85290a4d347c,2024-06-05,2024-06-05,105.82,"Watch, Clock and Jewelry Repair",Business Services,7631,"Watch, Clock and Jewelry Repair",Posted,USD,Debit,Debit,2025-11-21 16:48:47.630176
JOHN_PERSONAL,Personal,53faa6e2-5987-4b9e-8e49-d845edcb53ff,2024-06-06,2024-06-06,98.34,Miscellaneous Apparel and Accessory Shops,Shopping,5699,Miscellaneous Apparel and Accessory Shops,Posted,USD,Debit,Debit,2025-11-21 16:48:47.630176
JOHN_PERSONAL,Personal,099f5a6b-2adc-428b-bc1f-eb493886ecfa,2024-06-07,2024-06-07,37.64,Overdraft Fee,Fees & Charges,9975,Overdraft Fee,Posted,USD,Debit,Debit,2025-11-21 16:48:47.630176
JOHN_PERSONAL,Personal,42c66fb9-8375-4950-a16a-ee59810fe097,2024-06-09,2024-06-09,382.29,JAPAN AIRLINES,Auto & Transport,3006,JAPAN AIRLINES,Posted,USD,Debit,Debit,2025-11-21 16:48:47.630176
JOHN_PERSONAL,Personal,b75a2e13-b41c-4980-95d4-5f79386fdde1,2024-06-09,2024-06-09,389.03,Automated Fuel Dispensers,Shopping,5542,Automated Fuel Dispensers,Posted,USD,Debit,Debit,2025-11-21 16:48:47.630176
JOHN_PERSONAL,Personal,206419ba-531e-42e7-a3d8-80e02b1ef5e9,2024-06-10,2024-06-10,239.45,Government-Owned Lotteries (Non-U.S. region),Business Services,9406,Government-Owned Lotteries (Non-U.S. region),Posted,USD,Debit,Debit,2025-11-21 16:48:47.630176
JOHN_PERSONAL,Personal,9e38e387-db1d-4a2a-abf2-768bf63369f4,2024-06-11,2024-06-11,190.04,"Computer Programming, Data Processing, and Integrated Systems Design Services",Business Services,7372,"Computer Programming, Data Processing, and Integrated Systems Design Services",Posted,USD,Debit,Debit,2025-11-21 16:48:47.630176
JOHN_PERSONAL,Personal,716eda90-92dd-435f-b9fc-8c77fd5f36dd,2024-06-12,2024-06-12,146.16,"Stationery Stores, Office and School Supply Stores",Shopping,5943,"Stationery Stores, Office and School Supply Stores",Posted,USD,Debit,Debit,2025-11-21 16:48:47.630176
JOHN_PERSONAL,Personal,34c85e3b-8b15-4d4f-9238-c10a239ea4d6,2024-06-12,2024-06-12,114.0,Real Estate Agents and Managers,Business Services,6513,Real Estate Agents and Managers,Posted,USD,Debit,Debit,2025-11-21 16:48:47.630176
JOHN_PERSONAL,Personal,53cde66e-0d65-432d-9c59-a1bf625f3956,2024-06-12,2024-06-12,36.98,Record Stores,Shopping,5735,Record Stores,Posted,USD,Debit,Debit,2025-11-21 16:48:47.630176
JOHN_PERSONAL,Personal,7e9718e2-9337-4b0d-b7f8-fdac3fdfb504,2024-06-13,2024-06-13,77.34,Recreation Services (Not Elsewhere Classified),Entertainment,7999,Recreation Services (Not Elsewhere Classified),Posted,USD,Debit,Debit,2025-11-21 16:48:47.630176
JOHN_PERSONAL,Personal,71896e1f-4246-48f0-ab0a-b9bb84bd13cb,2024-06-15,2024-06-15,123.33,Computer Network/Information Services,Bills & Utilities,4816,Computer Network/Information Services,Posted,USD,Debit,Debit,2025-11-21 16:48:47.630176
JOHN_PERSONAL,Personal,c5a63dfc-652d-47f2-a73b-fa1770524d74,2024-06-15,2024-06-15,3000.0,Direct Deposit,Paycheck,9961,Direct Deposit,Posted,USD,Credit,Credit,2025-11-21 16:48:47.630176
JOHN_PERSONAL,Personal,10b37c14-e4de-4998-b518-1dcf199122e6,2024-06-17,2024-06-17,79.67,"Local and Suburban Commuter Passenger Transportation, Including Ferries",Auto & Transport,4111,"Local and Suburban Commuter Passenger Transportation, Including Ferries",Posted,USD,Debit,Debit,2025-11-21 16:48:47.630176
JOHN_PERSONAL,Personal,4a1a8f60-ba68-478d-8e18-82f3ff0f1f65,2024-06-17,2024-06-17,40.71,Public Golf Courses,Entertainment,7992,Public Golf Courses,Posted,USD,Debit,Debit,2025-11-21 16:48:47.630176
JOHN_PERSONAL,Personal,8fef23c9-da05-4d14-9d0e-00e189f36e12,2024-06-18,2024-06-18,211.96,"Laundry, Cleaning, and Garment Services",Business Services,7210,"Laundry, Cleaning, and Garment Services",Posted,USD,Debit,Debit,2025-11-21 16:48:47.630176
JOHN_PERSONAL,Personal,ec44055b-a11f-420d-b247-0e9de2f3379c,2024-06-18,2024-06-18,132.73,Metal Service Centers and Offices,Shopping,5051,Metal Service Centers and Offices,Posted,USD,Debit,Debit,2025-11-21 16:48:47.630176
JOHN_PERSONAL,Personal,5bbf357a-d230-4496-831e-66b8131e5eb0,2024-06-22,2024-06-22,170.52,Digital Goods Large Digital Goods Merchant,Shopping,5818,Digital Goods Large Digital Goods Merchant,Posted,USD,Debit,Debit,2025-11-21 16:48:47.630176
JOHN_PERSONAL,Personal,7befe722-c0f5-46bb-b0be-eac2b8536215,2024-06-23,2024-06-23,80.7,Miscellaneous Home Furnishing Specialty Stores,Shopping,5719,Miscellaneous Home Furnishing Specialty Stores,Posted,USD,Debit,Debit,2025-11-21 16:48:47.630176
JOHN_PERSONAL,Personal,135992c9-1074-4d5a-948c-c7968c1978c7,2024-06-25,2024-06-25,244.87,"Hearing Aids Sales, Service, and Supply",Shopping,5975,"Hearing Aids Sales, Service, and Supply",Posted,USD,Debit,Debit,2025-11-21 16:48:47.630176
JOHN_PERSONAL,Personal,4df9e38e-551c-4aa5-963c-0167294aec38,2024-06-27,2024-06-27,248.41,Carpet and Upholstery Cleaning,Business Services,7217,Carpet and Upholstery Cleaning,Posted,USD,Debit,Debit,2025-11-21 16:48:47.630176
JOHN_PERSONAL,Personal,4217ddfe-76ea-4992-aae6-6f6fe986a5d0,2024-06-28,2024-06-28,263.66,Wig and Toupee Stores,Shopping,5698,Wig and Toupee Stores,Posted,USD,Debit,Debit,2025-11-21 16:48:47.630176
JOHN_PERSONAL,Personal,50c316ac-3602-4733-a0a6-5f24586baf3c,2024-06-28,2024-06-28,23.42,Wire Transfer Fee,Fees & Charges,9970,Wire Transfer Fee,Posted,USD,Debit,Debit,2025-11-21 16:48:47.630176
JOHN_PERSONAL,Personal,77195564-ba5d-4450-bac0-a2914fb03a94,2024-06-29,2024-06-29,757.1,"Heating, Plumbing, and Air Conditioning Contractors",Business Services,1711,"Heating, Plumbing, and Air Conditioning Contractors",Posted,USD,Debit,Debit,2025-11-21 16:48:47.630176
JOHN_PERSONAL,Personal,5d98efcf-4315-4ae4-b50a-e6e2c0f66006,2024-06-29,2024-06-29,748.81,UNITED AIRLINES,Auto & Transport,3000,UNITED AIRLINES,Posted,USD,Debit,Debit,2025-11-21 16:48:47.630176
JOHN_PERSONAL,Personal,f75997ef-18b4-461d-bacf-1c12961d6ad6,2024-06-30,2024-06-30,293.11,Automotive Service Shops (Non-Dealer),Business Services,7538,Automotive Service Shops (Non-Dealer),Posted,USD,Debit,Debit,2025-11-21 16:48:47.630176
JOHN_PERSONAL,Personal,86703238-287b-4f3c-84c8-5df95bddeb43,2024-06-30,2024-06-30,500.0,Monthly Bonus - ACH Deposit,Financial,9963,ACH Deposit,Posted,USD,Credit,Credit,2025-11-21 16:48:47.630176
JOHN_PERSONAL,Personal,f60ce85b-98f7-4331-b794-e82901230740,2024-07-01,2024-07-01,246.61,Automotive Parts and Accessories Stores,Shopping,5533,Automotive Parts and Accessories Stores,Posted,USD,Debit,Debit,2025-11-21 16:48:47.630176
JOHN_PERSONAL,Personal,ec851eec-f506-4330-8922-63fdaf8b62db,2024-07-01,2024-07-01,3000.0,Direct Deposit,Paycheck,9961,Direct Deposit,Posted,USD,Credit,Credit,2025-11-21 16:48:47.630176
JOHN_PERSONAL,Personal,c80f7cb2-6855-4338-8b40-9f906a4a61e8,2024-07-02,2024-07-02,462.87,"Architectural, Engineering, and Surveying Services",Business Services,8911,"Architectural, Engineering, and Surveying Services",Posted,USD,Debit,Debit,2025-11-21 16:48:47.630176
JOHN_PERSONAL,Personal,a0f74b7a-56eb-4fd9-a9c2-25afc9d6a00b,2024-07-02,2024-07-02,189.38,Sporting and Recreational Camps,Business Services,7032,Sporting and Recreational Camps,Posted,USD,Debit,Debit,2025-11-21 16:48:47.630176
JOHN_PERSONAL,Personal,7ad5fa1b-7efe-42f0-9a75-1e572711f378,2024-07-04,2024-07-04,128.55,Computer Software Stores,Shopping,5734,Computer Software Stores,Posted,USD,Debit,Debit,2025-11-21 16:48:47.630176
JOHN_PERSONAL,Personal,5558bb1d-e7ec-4744-b2ad-60c0ec2b2681,2024-07-05,2024-07-05,265.33,Computers and Computer Peripheral Equipment and Software,Shopping,5045,Computers and Computer Peripheral Equipment and Software,Posted,USD,Debit,Debit,2025-11-21 16:48:47.630176
JOHN_PERSONAL,Personal,dd5298ce-2a26-49a0-9127-4aeb85ce123b,2024-07-07,2024-07-07,438.78,Durable Goods (Not Elsewhere Classified),Shopping,5099,Durable Goods (Not Elsewhere Classified),Posted,USD,Debit,Debit,2025-11-21 16:48:47.630176
JOHN_PERSONAL,Personal,5b7a0c6c-99a0-49ec-80d6-99db1e826400,2024-07-07,2024-07-07,136.12,Construction Materials (Not Elsewhere Classified ),Shopping,5039,Construction Materials (Not Elsewhere Classified ),Posted,USD,Debit,Debit,2025-11-21 16:48:47.630176
JOHN_PERSONAL,Personal,c0941931-643b-4324-940b-3cdae569cdaf,2024-07-07,2024-07-07,242.27,"Watch, Clock and Jewelry Repair",Business Services,7631,"Watch, Clock and Jewelry Repair",Posted,USD,Debit,Debit,2025-11-21 16:48:47.630176
JOHN_PERSONAL,Personal,0a5a033e-7d21-4344-8958-f340cab4e40a,2024-07-07,2024-07-07,490.16,Miscellaneous Publishing and Printing,Business Services,2741,Miscellaneous Publishing and Printing,Posted,USD,Debit,Debit,2025-11-21 16:48:47.630176
JOHN_PERSONAL,Personal,e5141c7b-bac2-4af4-b99c-09256dd5f75b,2024-07-08,2024-07-08,322.95,"Hardware, Equipment and Supplies",Shopping,5072,"Hardware, Equipment and Supplies",Posted,USD,Debit,Debit,2025-11-21 16:48:47.630176
JOHN_PERSONAL,Personal,ae5594b3-6572-436a-ac9d-3b9ce3203962,2024-07-10,2024-07-10,123.43,"Candy, Nut, and Confectionery Stores",Shopping,5441,"Candy, Nut, and Confectionery Stores",Posted,USD,Debit,Debit,2025-11-21 16:48:47.630176
JOHN_PERSONAL,Personal,849b2435-43df-44cc-a7b3-b518fdbcd682,2024-07-10,2024-07-10,42.43,Government-Owned Lotteries (Non-U.S. region),Business Services,9406,Government-Owned Lotteries (Non-U.S. region),Posted,USD,Debit,Debit,2025-11-21 16:48:47.630176
JOHN_PERSONAL,Personal,6470245c-6bd3-4789-a50a-ae45903cc0d2,2024-07-10,2024-07-10,168.68,"Parking Lots, Parking Meters and Garages",Business Services,7523,"Parking Lots, Parking Meters and Garages",Posted,USD,Debit,Debit,2025-11-21 16:48:47.630176
JOHN_PERSONAL,Personal,145dd363-a649-4296-91c4-e06c70f32dd0,2024-07-10,2024-07-10,47.8,Towing Services,Business Services,7549,Towing Services,Posted,USD,Debit,Debit,2025-11-21 16:48:47.630176
JOHN_PERSONAL,Personal,58cea799-032d-4154-8bb9-6e7b607699f3,2024-07-11,2024-07-11,152.56,"Books, Periodicals and Newspapers",Shopping,5192,"Books, Periodicals and Newspapers",Posted,USD,Debit,Debit,2025-11-21 16:48:47.630176
JOHN_PERSONAL,Personal,0a76e195-d5c3-40fe-b8ca-3b5eb95fdfd1,2024-07-14,2024-07-14,35.56,"Betting, including Lottery Tickets, Casino Gaming Chips, Off-Track Betting, and Wagers at Race Tracks",Entertainment,7995,"Betting, including Lottery Tickets, Casino Gaming Chips, Off-Track Betting, and Wagers at Race Tracks",Posted,USD,Debit,Debit,2025-11-21 16:48:47.630176
JOHN_PERSONAL,Personal,13264f2f-90af-4e5e-8e61-f0863e66d94d,2024-07-15,2024-07-15,3000.0,Direct Deposit,Paycheck,9961,Direct Deposit,Posted,USD,Credit,Credit,2025-11-21 16:48:47.630176
JOHN_PERSONAL,Personal,393eadc3-ed6f-49c1-8f5b-69822da46859,2024-07-16,2024-07-16,197.73,Miscellaneous and Specialty Retail Shops,Shopping,5999,Miscellaneous and Specialty Retail Shops,Posted,USD,Debit,Debit,2025-11-21 16:48:47.630176
JOHN_PERSONAL,Personal,b0efcd71-5967-420f-963f-7631bc6705b4,2024-07-17,2024-07-17,296.01,Computer Network/Information Services,Bills & Utilities,4816,Computer Network/Information Services,Posted,USD,Debit,Debit,2025-11-21 16:48:47.630176
JOHN_PERSONAL,Personal,e2d9669e-21b6-4edb-b2b8-2acc3c800d4c,2024-07-17,2024-07-17,119.02,Miscellaneous Personal Services (Not Elsewhere Classified),Business Services,7299,Miscellaneous Personal Services (Not Elsewhere Classified),Posted,USD,Debit,Debit,2025-11-21 16:48:47.630176
JOHN_PERSONAL,Personal,56ccde58-8154-43e3-9447-8490dfdd3273,2024-07-17,2024-07-17,131.15,"Financial Institutions Merchandise, Services, and Debt Repayment",Business Services,6012,"Financial Institutions Merchandise, Services, and Debt Repayment",Posted,USD,Debit,Debit,2025-11-21 16:48:47.630176
JOHN_PERSONAL,Personal,05a2f30e-7b1c-47c3-9442-889635f821a0,2024-07-18,2024-07-18,149.02,Miscellaneous Home Furnishing Specialty Stores,Shopping,5719,Miscellaneous Home Furnishing Specialty Stores,Posted,USD,Debit,Debit,2025-11-21 16:48:47.630176
JOHN_PERSONAL,Personal,ab694b27-2a6f-46fe-b712-d6a9c6725759,2024-07-19,2024-07-19,190.52,Package Tour Operators Germany Only,Auto & Transport,4723,Package Tour Operators Germany Only,Posted,USD,Debit,Debit,2025-11-21 16:48:47.630176
JOHN_PERSONAL,Personal,5d0893b3-766f-4160-80f1-fa9c455cdb13,2024-07-19,2024-07-19,1933.43,Incoming Wire Transfer,Financial,9962,Incoming Wire Transfer,Posted,USD,Credit,Credit,2025-11-21 16:48:47.630176
JOHN_PERSONAL,Personal,b0aa6477-db69-44c1-8bb2-92f446473781,2024-07-20,2024-07-20,411.79,Miscellaneous Publishing and Printing,Business Services,2741,Miscellaneous Publishing and Printing,Posted,USD,Debit,Debit,2025-11-21 16:48:47.630176
JOHN_PERSONAL,Personal,2d4aa2b8-0424-4432-8e3b-fdc8e325e7d5,2024-07-20,2024-07-20,140.71,Miscellaneous Personal Services (Not Elsewhere Classified),Business Services,7299,Miscellaneous Personal Services (Not Elsewhere Classified),Posted,USD,Debit,Debit,2025-11-21 16:48:47.630176
JOHN_PERSONAL,Personal,85994dd4-13a1-4dfa-bf8e-dc42673b3e76,2024-07-23,2024-07-23,401.21,Industrial Supplies (Not Elsewhere Classified),Shopping,5085,Industrial Supplies (Not Elsewhere Classified),Posted,USD,Debit,Debit,2025-11-21 16:48:47.630176
JOHN_PERSONAL,Personal,2948252e-dd9c-4402-8196-c35ac5a0b860,2024-07-23,2024-07-23,176.96,"Motor Freight Carriers and Trucking Local and Long Distance, Moving and Storage Companies, and Local Delivery",Auto & Transport,4214,"Motor Freight Carriers and Trucking Local and Long Distance, Moving and Storage Companies, and Local Delivery",Posted,USD,Debit,Debit,2025-11-21 16:48:47.630176
JOHN_PERSONAL,Personal,d9cf53c8-1ce2-452b-9dc3-43e1c483e3d3,2024-07-24,2024-07-24,170.63,"Bands, Orchestras, and Miscellaneous Entertainers (Not Elsewhere Classified)",Entertainment,7929,"Bands, Orchestras, and Miscellaneous Entertainers (Not Elsewhere Classified)",Posted,USD,Debit,Debit,2025-11-21 16:48:47.630176
JOHN_PERSONAL,Personal,d6128cfc-6ba3-437f-b8e4-af614bc885c8,2024-07-24,2024-07-24,487.55,Dairy Products Stores,Shopping,5451,Dairy Products Stores,Posted,USD,Debit,Debit,2025-11-21 16:48:47.630176
JOHN_PERSONAL,Personal,02833f43-721f-41b1-a220-34df00d75666,2024-07-25,2024-07-25,133.18,Used Merchandise and Secondhand Stores,Shopping,5931,Used Merchandise and Secondhand Stores,Posted,USD,Debit,Debit,2025-11-21 16:48:47.630176
JOHN_PERSONAL,Personal,4c7f9e56-66ae-4969-af9b-d16592c9844d,2024-07-25,2024-07-25,191.46,Sporting and Recreational Camps,Business Services,7032,Sporting and Recreational Camps,Posted,USD,Debit,Debit,2025-11-21 16:48:47.630176
JOHN_PERSONAL,Personal,931e268f-3351-4d3c-a0a8-977ee2a44c3f,2024-07-26,2024-07-26,299.74,Cigar Stores and Stands,Shopping,5993,Cigar Stores and Stands,Posted,USD,Debit,Debit,2025-11-21 16:48:47.630176
JOHN_PERSONAL,Personal,e24d6f6e-faef-4d81-b61a-8c642652ec99,2024-07-27,2024-07-27,174.32,Emergency Services (GCAS) (Visa use only),Business Services,9702,Emergency Services (GCAS) (Visa use only),Posted,USD,Debit,Debit,2025-11-21 16:48:47.630176
JOHN_PERSONAL,Personal,853a3cd3-dcc4-4611-90a7-27a705ecb7e8,2024-07-27,2024-07-27,89.36,Direct Marketing Other Direct Marketers (Not Elsewhere Classified),Shopping,5969,Direct Marketing Other Direct Marketers (Not Elsewhere Classified),Posted,USD,Debit,Debit,2025-11-21 16:48:47.630176
JOHN_PERSONAL,Personal,617f0284-4223-44e7-adca-8a34787acc10,2024-07-28,2024-07-28,40.72,Mobile Home Dealers,Shopping,5271,Mobile Home Dealers,Posted,USD,Debit,Debit,2025-11-21 16:48:47.630176
JOHN_PERSONAL,Personal,ff8212de-829f-49ae-a16b-21f5448082f7,2024-07-29,2024-07-29,397.41,Carpentry Contractors,Business Services,1750,Carpentry Contractors,Posted,USD,Debit,Debit,2025-11-21 16:48:47.630176
JOHN_PERSONAL,Personal,cf9f13da-0504-4dfb-93df-cddb0aa24a07,2024-07-31,2024-07-31,500.0,Monthly Bonus - ACH Deposit,Financial,9963,ACH Deposit,Posted,USD,Credit,Credit,2025-11-21 16:48:47.630176
JOHN_PERSONAL,Personal,eeea7992-c73e-477b-83df-710b80d06b94,2024-08-01,2024-08-01,3000.0,Direct Deposit,Paycheck,9961,Direct Deposit,Posted,USD,Credit,Credit,2025-11-21 16:48:47.630176
JOHN_PERSONAL,Personal,7ad4478a-34a3-4829-8932-2bf96cb0820e,2024-08-03,2024-08-03,135.48,"Photographic, Photocopy, Microfilm Equipment and Supplies",Shopping,5044,"Photographic, Photocopy, Microfilm Equipment and Supplies",Posted,USD,Debit,Debit,2025-11-21 16:48:47.630176
JOHN_PERSONAL,Personal,3caf9357-a3f2-4e53-b19d-9cda220421d9,2024-08-04,2024-08-04,150.76,Camera and Photographic Supply Stores,Shopping,5946,Camera and Photographic Supply Stores,Posted,USD,Debit,Debit,2025-11-21 16:48:47.630176
JOHN_PERSONAL,Personal,fdc0d277-c870-4395-a80f-090e4637ac88,2024-08-06,2024-08-06,329.86,Stenographic and Secretarial Support,Business Services,7339,Stenographic and Secretarial Support,Posted,USD,Debit,Debit,2025-11-21 16:48:47.630176
JOHN_PERSONAL,Personal,3a910845-09bc-45ab-90e7-1b511a8f36cf,2024-08-06,2024-08-06,229.3,Financial Institutions Automated Cash Disbursements,Business Services,6011,Financial Institutions Automated Cash Disbursements,Posted,USD,Debit,Debit,2025-11-21 16:48:47.630176
JOHN_PERSONAL,Personal,f04024a6-2f3c-4426-a6ca-c1d3c7a6745c,2024-08-07,2024-08-07,106.04,Beauty and Barber Shops,Business Services,7230,Beauty and Barber Shops,Posted,USD,Debit,Debit,2025-11-21 16:48:47.630176
JOHN_PERSONAL,Personal,12e6bad8-00a0-49c5-bd48-3b3c37e52240,2024-08-07,2024-08-07,3.41,ACH Fee,Fees & Charges,9972,ACH Fee,Posted,USD,Debit,Debit,2025-11-21 16:48:47.630176
JOHN_PERSONAL,Personal,b1af6637-05e9-4371-b1d9-53c7948c3b9a,2024-08-08,2024-08-08,210.24,Correspondence Schools,Education,8241,Correspondence Schools,Posted,USD,Debit,Debit,2025-11-21 16:48:47.630176
JOHN_PERSONAL,Personal,56c1e06e-601e-49b5-b726-326c1d78812c,2024-08-09,2024-08-09,171.68,Transportation Services (Not Elsewhere Classified),Auto & Transport,4789,Transportation Services (Not Elsewhere Classified),Posted,USD,Debit,Debit,2025-11-21 16:48:47.630176
JOHN_PERSONAL,Personal,9b162646-c57c-42ca-a899-b560cb540d78,2024-08-09,2024-08-09,158.81,Bicycle Shops Sales and Service,Shopping,5940,Bicycle Shops Sales and Service,Posted,USD,Debit,Debit,2025-11-21 16:48:47.630176
JOHN_PERSONAL,Personal,be483aaa-2dcb-472f-9a66-d2905308e049,2024-08-11,2024-08-11,30.16,"Drinking Places (Alcoholic Beverages) Bars, Taverns, Nightclubs, Cocktail Lounges, and Discotheques",Food & Dining,5813,"Drinking Places (Alcoholic Beverages) Bars, Taverns, Nightclubs, Cocktail Lounges, and Discotheques",Posted,USD,Debit,Debit,2025-11-21 16:48:47.630176
JOHN_PERSONAL,Personal,027e7621-1fad-4068-ac91-b5d49933f198,2024-08-11,2024-08-11,70.48,Medical and Dental Laboratories,Health & Fitness,8071,Medical and Dental Laboratories,Posted,USD,Debit,Debit,2025-11-21 16:48:47.630176
JOHN_PERSONAL,Personal,0c9fcdcc-ddf7-4682-a08c-f691c9e4671d,2024-08-12,2024-08-12,71.58,Electric Razor Stores Sales and Service,Shopping,5997,Electric Razor Stores Sales and Service,Posted,USD,Debit,Debit,2025-11-21 16:48:47.630176
JOHN_PERSONAL,Personal,05a30311-7312-4aea-83ab-89e69d0e1246,2024-08-12,2024-08-12,207.97,Grocery Stores and Supermarkets,Shopping,5411,Grocery Stores and Supermarkets,Posted,USD,Debit,Debit,2025-11-21 16:48:47.630176
JOHN_PERSONAL,Personal,8fa6980a-0c80-4fa4-b7ae-3a15587c87ce,2024-08-14,2024-08-14,168.06,Durable Goods (Not Elsewhere Classified),Shopping,5099,Durable Goods (Not Elsewhere Classified),Posted,USD,Debit,Debit,2025-11-21 16:48:47.630176
JOHN_PERSONAL,Personal,cbd16ff2-c431-4e1f-8e9f-f1b28429c4fb,2024-08-14,2024-08-14,2.41,ACH Fee,Fees & Charges,9972,ACH Fee,Posted,USD,Debit,Debit,2025-11-21 16:48:47.630176
JOHN_PERSONAL,Personal,50093953-da31-4521-bf2b-a6db3a12df39,2024-08-15,2024-08-15,498.45,General Contractors Residential and Commercial,Business Services,1520,General Contractors Residential and Commercial,Posted,USD,Debit,Debit,2025-11-21 16:48:47.630176
JOHN_PERSONAL,Personal,5168a2f8-6851-402e-b36e-1faa5a166de6,2024-08-15,2024-08-15,3000.0,Direct Deposit,Paycheck,9961,Direct Deposit,Posted,USD,Credit,Credit,2025-11-21 16:48:47.630176
JOHN_PERSONAL,Personal,5e1c9530-41c7-4801-8853-b9ec38ae5e65,2024-08-16,2024-08-16,484.19,Tax Payments,Business Services,9311,Tax Payments,Posted,USD,Debit,Debit,2025-11-21 16:48:47.630176
JOHN_PERSONAL,Personal,a8d9b74a-24bc-4841-9b7b-ca72e5884483,2024-08-17,2024-08-17,251.9,Direct Marketing Outbound Telemarketing Merchant,Shopping,5966,Direct Marketing Outbound Telemarketing Merchant,Posted,USD,Debit,Debit,2025-11-21 16:48:47.630176
JOHN_PERSONAL,Personal,8b3df426-5dc5-4caf-b2be-7c397ee264ab,2024-08-18,2024-08-18,52.89,Petroleum and Petroleum Products,Shopping,5172,Petroleum and Petroleum Products,Posted,USD,Debit,Debit,2025-11-21 16:48:47.630176
JOHN_PERSONAL,Personal,9d70653f-18a8-4905-88b6-a9d2e345b9c6,2024-08-18,2024-08-18,3325.27,Branch Deposit,Financial,9965,Branch Deposit,Posted,USD,Credit,Credit,2025-11-21 16:48:47.630176
JOHN_PERSONAL,Personal,c11f454b-b381-4af2-a5bd-275884e4854c,2024-08-19,2024-08-19,283.03,Non-Financial Institutions Stored Value Card Purchase/Load,Business Services,6540,Non-Financial Institutions Stored Value Card Purchase/Load,Posted,USD,Debit,Debit,2025-11-21 16:48:47.630176
JOHN_PERSONAL,Personal,8199ac19-597d-46fe-8b92-e1c48f64386a,2024-08-19,2024-08-19,297.01,Automotive Paint Shops,Business Services,7535,Automotive Paint Shops,Posted,USD,Debit,Debit,2025-11-21 16:48:47.630176
JOHN_PERSONAL,Personal,b8c5b7e5-2cfe-422a-b4de-ed7659d71e4b,2024-08-19,2024-08-19,273.83,Nondurable Goods (Not Elsewhere Classified),Shopping,5199,Nondurable Goods (Not Elsewhere Classified),Posted,USD,Debit,Debit,2025-11-21 16:48:47.630176
JOHN_PERSONAL,Personal,c5911aad-5191-4d6a-9d9f-ecc871744363,2024-08-23,2024-08-23,199.33,Transportation Services (Not Elsewhere Classified),Auto & Transport,4789,Transportation Services (Not Elsewhere Classified),Posted,USD,Debit,Debit,2025-11-21 16:48:47.630176
JOHN_PERSONAL,Personal,893dffcc-6cda-4ae8-8569-46e0f283f03d,2024-08-23,2024-08-23,184.49,"Colleges, Universities, Professional Schools, and Junior Colleges",Education,8220,"Colleges, Universities, Professional Schools, and Junior Colleges",Posted,USD,Debit,Debit,2025-11-21 16:48:47.630176
JOHN_PERSONAL,Personal,ac610a2b-f002-4e17-b554-83df39ac9c3a,2024-08-24,2024-08-24,77.66,Wrecking and Salvage Yards,Shopping,5935,Wrecking and Salvage Yards,Posted,USD,Debit,Debit,2025-11-21 16:48:47.630176
JOHN_PERSONAL,Personal,638ce5aa-030e-4446-8af6-5fc8fcdd8f3e,2024-08-24,2024-08-24,254.05,"Camper, Recreational and Utility Trailer Dealers",Shopping,5561,"Camper, Recreational and Utility Trailer Dealers",Posted,USD,Debit,Debit,2025-11-21 16:48:47.630176
JOHN_PERSONAL,Personal,9049a485-656e-4b6a-8349-ded195038de9,2024-08-26,2024-08-26,213.34,"Quick Copy, Reproduction, and Blueprinting Services",Business Services,7338,"Quick Copy, Reproduction, and Blueprinting Services",Posted,USD,Debit,Debit,2025-11-21 16:48:47.630176
JOHN_PERSONAL,Personal,a3eec858-18b4-4433-aaf3-07cce46bb054,2024-08-26,2024-08-26,47.18,"Marinas, Marine Service, and Supplies",Auto & Transport,4468,"Marinas, Marine Service, and Supplies",Posted,USD,Debit,Debit,2025-11-21 16:48:47.630176
JOHN_PERSONAL,Personal,efae2192-a661-4c8b-91c2-b350e8e12011,2024-08-29,2024-08-29,410.57,Metal Service Centers and Offices,Shopping,5051,Metal Service Centers and Offices,Posted,USD,Debit,Debit,2025-11-21 16:48:47.630176
JOHN_PERSONAL,Personal,6c2eb274-8429-43db-aeef-5983a8f80817,2024-08-29,2024-08-29,114.41,Wig and Toupee Stores,Shopping,5698,Wig and Toupee Stores,Posted,USD,Debit,Debit,2025-11-21 16:48:47.630176
JOHN_PERSONAL,Personal,6a1fb0f4-3e38-4b3f-bf8b-6f5902bbe1ed,2024-08-31,2024-08-31,500.0,Monthly Bonus - ACH Deposit,Financial,9963,ACH Deposit,Posted,USD,Credit,Credit,2025-11-21 16:48:47.630176
JOHN_PERSONAL,Personal,9fe9a7e7-9ee5-4d92-a20c-dba7767d6e66,2024-08-31,2024-08-31,274.82,"Drapery, Window Covering, and Upholstery Stores",Shopping,5714,"Drapery, Window Covering, and Upholstery Stores",Posted,USD,Debit,Debit,2025-11-21 16:48:47.630176
JOHN_PERSONAL,Personal,acef971e-983d-48be-9949-3bf6ddf8f930,2024-08-31,2024-08-31,287.78,"Architectural, Engineering, and Surveying Services",Business Services,8911,"Architectural, Engineering, and Surveying Services",Posted,USD,Debit,Debit,2025-11-21 16:48:47.630176
JOHN_PERSONAL,Personal,5afc93e3-1a97-4e1c-bf28-ea75f4cb9818,2024-09-01,2024-09-01,186.12,"Betting, including Lottery Tickets, Casino Gaming Chips, Off-Track Betting, and Wagers at Race Tracks",Entertainment,7995,"Betting, including Lottery Tickets, Casino Gaming Chips, Off-Track Betting, and Wagers at Race Tracks",Posted,USD,Debit,Debit,2025-11-21 16:48:47.630176
JOHN_PERSONAL,Personal,12b509e5-e7ec-43bc-aefb-a984987bad09,2024-09-01,2024-09-01,237.92,Veterinary Services,Business Services,742,Veterinary Services,Posted,USD,Debit,Debit,2025-11-21 16:48:47.630176
JOHN_PERSONAL,Personal,608a95a5-ae41-46dc-9f8e-04fc47287262,2024-09-01,2024-09-01,3000.0,Direct Deposit,Paycheck,9961,Direct Deposit,Posted,USD,Credit,Credit,2025-11-21 16:48:47.630176
JOHN_PERSONAL,Personal,7106c2db-38b5-4d47-9aed-dc56a4b0f3aa,2024-09-02,2024-09-02,231.23,"Stationery Stores, Office and School Supply Stores",Shopping,5943,"Stationery Stores, Office and School Supply Stores",Posted,USD,Debit,Debit,2025-11-21 16:48:47.630176
JOHN_PERSONAL,Personal,d687a06f-3e30-4ee4-bffd-69f8f6d82a47,2024-09-02,2024-09-02,367.29,Dairy Products Stores,Shopping,5451,Dairy Products Stores,Posted,USD,Debit,Debit,2025-11-21 16:48:47.630176
JOHN_PERSONAL,Personal,62c8d8c9-e23e-4239-8694-7937fefe1873,2024-09-02,2024-09-02,215.9,ENTERPRISE RENT-A-CAR,Auto & Transport,3405,ENTERPRISE RENT-A-CAR,Posted,USD,Debit,Debit,2025-11-21 16:48:47.630176
JOHN_PERSONAL,Personal,f6b9071d-f679-4db2-b5ac-11cacaf83a93,2024-09-03,2024-09-03,277.88,"Clothing Rental Costumes, Uniforms, Formal Wear",Business Services,7296,"Clothing Rental Costumes, Uniforms, Formal Wear",Posted,USD,Debit,Debit,2025-11-21 16:48:47.630176
JOHN_PERSONAL,Personal,82e7fc3b-3703-4371-b6b1-ae9af29f281e,2024-09-03,2024-09-03,112.5,Commercial Equipment (Not Elsewhere Classified),Shopping,5046,Commercial Equipment (Not Elsewhere Classified),Posted,USD,Debit,Debit,2025-11-21 16:48:47.630176
JOHN_PERSONAL,Personal,14fb580d-58c2-4aaa-8690-0e475d2bdda8,2024-09-03,2024-09-03,279.08,Landscaping and Horticultural Services,Business Services,780,Landscaping and Horticultural Services,Posted,USD,Debit,Debit,2025-11-21 16:48:47.630176
JOHN_PERSONAL,Personal,3ebf26b6-77d2-4e48-9b73-69329b563d57,2024-09-04,2024-09-04,87.43,Men and Boys Clothing and Accessories Stores,Shopping,5611,Men and Boys Clothing and Accessories Stores,Posted,USD,Debit,Debit,2025-11-21 16:48:47.630176
JOHN_PERSONAL,Personal,b74e1f25-5425-4fee-9dd0-eb581ac91c73,2024-09-04,2024-09-04,102.27,Bail and Bond Payments,Business Services,9223,Bail and Bond Payments,Posted,USD,Debit,Debit,2025-11-21 16:48:47.630176
JOHN_PERSONAL,Personal,793555c5-c3fa-47dc-90ca-489520b77475,2024-09-06,2024-09-06,339.72,Optometrists and Ophthalmologists,Health & Fitness,8042,Optometrists and Ophthalmologists,Posted,USD,Debit,Debit,2025-11-21 16:48:47.630176
JOHN_PERSONAL,Personal,ed36371a-b8bc-46e0-9e39-20b6d8f2a0a7,2024-09-08,2024-09-08,492.12,Bail and Bond Payments,Business Services,9223,Bail and Bond Payments,Posted,USD,Debit,Debit,2025-11-21 16:48:47.630176
JOHN_PERSONAL,Personal,eb75c64a-972b-4e25-8584-9fe9cc75a94b,2024-09-09,2024-09-09,329.82,Optometrists and Ophthalmologists,Health & Fitness,8042,Optometrists and Ophthalmologists,Posted,USD,Debit,Debit,2025-11-21 16:48:47.630176
JOHN_PERSONAL,Personal,3a92073b-9df6-4fdb-9e1d-f29bfb98c51a,2024-09-10,2024-09-10,126.59,Wholesale Clubs,Shopping,5300,Wholesale Clubs,Posted,USD,Debit,Debit,2025-11-21 16:48:47.630176
JOHN_PERSONAL,Personal,5bcc7b51-5f4e-4b43-be13-acbb4d5d7523,2024-09-12,2024-09-12,121.34,Record Stores,Shopping,5735,Record Stores,Posted,USD,Debit,Debit,2025-11-21 16:48:47.630176
JOHN_PERSONAL,Personal,be5422f6-9eed-4a34-9e99-45bcdeda76d7,2024-09-12,2024-09-12,215.27,Direct Marketing Combination Catalog and Retail Merchant,Shopping,5965,Direct Marketing Combination Catalog and Retail Merchant,Posted,USD,Debit,Debit,2025-11-21 16:48:47.630176
JOHN_PERSONAL,Personal,b75e9c99-0b36-4136-a7cc-ece6a26ebe93,2024-09-12,2024-09-12,119.94,Membership Organizations (Not Elsewhere Classified),Business Services,8699,Membership Organizations (Not Elsewhere Classified),Posted,USD,Debit,Debit,2025-11-21 16:48:47.630176
JOHN_PERSONAL,Personal,8f544de1-1015-46cd-8b4f-c8b26b1646bb,2024-09-14,2024-09-14,94.72,Loan Fee,Fees & Charges,9973,Loan Fee,Posted,USD,Debit,Debit,2025-11-21 16:48:47.630176
JOHN_PERSONAL,Personal,3e2f0afc-ae73-47aa-8b97-43e822633aa9,2024-09-14,2024-09-14,266.66,Artist Supply and Craft Shops,Shopping,5970,Artist Supply and Craft Shops,Posted,USD,Debit,Debit,2025-11-21 16:48:47.630176
JOHN_PERSONAL,Personal,75403cc7-9d49-4118-871c-7bb06093a2ed,2024-09-15,2024-09-15,3000.0,Direct Deposit,Paycheck,9961,Direct Deposit,Posted,USD,Credit,Credit,2025-11-21 16:48:47.630176
JOHN_PERSONAL,Personal,649ba12e-48a1-42ac-a424-4e436d9385e4,2024-09-16,2024-09-16,215.64,Construction Materials (Not Elsewhere Classified ),Shopping,5039,Construction Materials (Not Elsewhere Classified ),Posted,USD,Debit,Debit,2025-11-21 16:48:47.630176
JOHN_PERSONAL,Personal,03cf8fe6-4523-4b47-a20f-d8253621cb83,2024-09-18,2024-09-18,180.03,"Courier Services Air and Ground, and Freight Forwarders",Auto & Transport,4215,"Courier Services Air and Ground, and Freight Forwarders",Posted,USD,Debit,Debit,2025-11-21 16:48:47.630176
JOHN_PERSONAL,Personal,068dc203-8f6b-4845-80ce-477788b58e69,2024-09-18,2024-09-18,722.66,Branch Deposit,Financial,9965,Branch Deposit,Posted,USD,Credit,Credit,2025-11-21 16:48:47.630176
JOHN_PERSONAL,Personal,610205b6-c1dd-4d6f-802f-454e36af1122,2024-09-19,2024-09-19,384.43,Automotive Tire Stores,Shopping,5532,Automotive Tire Stores,Posted,USD,Debit,Debit,2025-11-21 16:48:47.630176
JOHN_PERSONAL,Personal,a178a2df-6a08-4361-b758-8c484bc5d32d,2024-09-19,2024-09-19,374.88,Business and Secretarial Schools,Education,8244,Business and Secretarial Schools,Posted,USD,Debit,Debit,2025-11-21 16:48:47.630176
JOHN_PERSONAL,Personal,eeae3ae2-d3aa-4447-bf84-d4f609bf638e,2024-09-20,2024-09-20,203.59,Buying and Shopping Services and Clubs,Business Services,7278,Buying and Shopping Services and Clubs,Posted,USD,Debit,Debit,2025-11-21 16:48:47.630176
JOHN_PERSONAL,Personal,329bf242-470a-4dc6-9ee5-94b01eac3e03,2024-09-24,2024-09-24,88.12,Electronics Stores,Shopping,5732,Electronics Stores,Posted,USD,Debit,Debit,2025-11-21 16:48:47.630176
JOHN_PERSONAL,Personal,d5ab8741-9a88-40ea-b84a-303def1b8590,2024-09-25,2024-09-25,85.79,"Civic, Social, and Fraternal Associations",Gifts & Donations,8641,"Civic, Social, and Fraternal Associations",Posted,USD,Debit,Debit,2025-11-21 16:48:47.630176
JOHN_PERSONAL,Personal,12485edc-c1d3-4e5c-8fc3-cee9478e0fc2,2024-09-25,2024-09-25,204.74,Miscellaneous and Specialty Retail Shops,Shopping,5999,Miscellaneous and Specialty Retail Shops,Posted,USD,Debit,Debit,2025-11-21 16:48:47.630176
JOHN_PERSONAL,Personal,9520f122-92d8-4d82-ae8c-3b70e7a3987c,2024-09-27,2024-09-27,147.56,Government-Licensed Horse/Dog Racing (US Region only),Entertainment,7802,Government-Licensed Horse/Dog Racing (US Region only),Posted,USD,Debit,Debit,2025-11-21 16:48:47.630176
JOHN_PERSONAL,Personal,e5579d4a-26cd-45ee-968a-1e1e319e33bd,2024-09-27,2024-09-27,363.51,Photofinishing Laboratories and Photo Developing,Business Services,7395,Photofinishing Laboratories and Photo Developing,Posted,USD,Debit,Debit,2025-11-21 16:48:47.630176
JOHN_PERSONAL,Personal,1243dcc4-f853-4951-a8e7-7d8a5fd64da6,2024-09-28,2024-09-28,144.45,Government-Licensed Horse/Dog Racing (US Region only),Entertainment,7802,Government-Licensed Horse/Dog Racing (US Region only),Posted,USD,Debit,Debit,2025-11-21 16:48:47.630176
JOHN_PERSONAL,Personal,a6b1eefa-b964-45cb-917b-1d239c91a6bc,2024-09-28,2024-09-28,396.72,"Piece Goods, Notions, and Other Dry Goods",Shopping,5131,"Piece Goods, Notions, and Other Dry Goods",Posted,USD,Debit,Debit,2025-11-21 16:48:47.630176
JOHN_PERSONAL,Personal,17edc8c0-8f7b-4d60-9156-e45a7bc4eec4,2024-09-29,2024-09-29,107.13,"Tailors, Seamstresses, Mending, and Alterations",Shopping,5697,"Tailors, Seamstresses, Mending, and Alterations",Posted,USD,Debit,Debit,2025-11-21 16:48:47.630176
JOHN_PERSONAL,Personal,a147ff1c-7467-46b1-b638-e74a2cec1c49,2024-09-30,2024-09-30,500.0,Monthly Bonus - ACH Deposit,Financial,9963,ACH Deposit,Posted,USD,Credit,Credit,2025-11-21 16:48:47.630176
JOHN_PERSONAL,Personal,5fb6b33a-04b6-4741-9d71-69a226c63063,2024-10-01,2024-10-01,3000.0,Direct Deposit,Paycheck,9961,Direct Deposit,Posted,USD,Credit,Credit,2025-11-21 16:48:47.630176
JOHN_PERSONAL,Personal,b1421b35-77ab-469f-8c3a-b9f61f972e20,2024-10-01,2024-10-01,238.9,Household Appliance Stores,Shopping,5722,Household Appliance Stores,Posted,USD,Debit,Debit,2025-11-21 16:48:47.630176
JOHN_PERSONAL,Personal,928d6e47-e82c-409e-99a3-a57c9810ac88,2024-10-03,2024-10-03,93.41,Dating Services,Business Services,7273,Dating Services,Posted,USD,Debit,Debit,2025-11-21 16:48:47.630176
JOHN_PERSONAL,Personal,155ed465-27fe-4316-8f1e-8815bbd344c7,2024-10-05,2024-10-05,210.8,Women Ready-To-Wear Stores ..,Shopping,5621,Women Ready-To-Wear Stores ..,Posted,USD,Debit,Debit,2025-11-21 16:48:47.630176
JOHN_PERSONAL,Personal,af4a881f-d928-43f6-9e28-c97858be16d8,2024-10-05,2024-10-05,45.2,"Motor Freight Carriers and Trucking Local and Long Distance, Moving and Storage Companies, and Local Delivery",Auto & Transport,4214,"Motor Freight Carriers and Trucking Local and Long Distance, Moving and Storage Companies, and Local Delivery",Posted,USD,Debit,Debit,2025-11-21 16:48:47.630176
JOHN_PERSONAL,Personal,4b2c3983-959c-49db-bcbb-145bc9f377da,2024-10-08,2024-10-08,119.58,"Amusement Parks, Circuses, Carnivals, and Fortune Tellers",Entertainment,7996,"Amusement Parks, Circuses, Carnivals, and Fortune Tellers",Posted,USD,Debit,Debit,2025-11-21 16:48:47.630176
JOHN_PERSONAL,Personal,37f388df-d0a0-4a7f-b51e-17de26995cbe,2024-10-10,2024-10-10,110.15,Record Stores,Shopping,5735,Record Stores,Posted,USD,Debit,Debit,2025-11-21 16:48:47.630176
JOHN_PERSONAL,Personal,0a7c08d7-4038-4e1b-858b-084281ca70e8,2024-10-11,2024-10-11,99.27,"Stationery Stores, Office and School Supply Stores",Shopping,5943,"Stationery Stores, Office and School Supply Stores",Posted,USD,Debit,Debit,2025-11-21 16:48:47.630176
JOHN_PERSONAL,Personal,b96340ff-7239-4499-8820-8a35776b6f08,2024-10-11,2024-10-11,70.26,Tax Preparation Services,Business Services,7276,Tax Preparation Services,Posted,USD,Debit,Debit,2025-11-21 16:48:47.630176
JOHN_PERSONAL,Personal,e3476b10-54ba-44e3-b89c-c4ed9410f43e,2024-10-11,2024-10-11,179.18,"Drapery, Window Covering, and Upholstery Stores",Shopping,5714,"Drapery, Window Covering, and Upholstery Stores",Posted,USD,Debit,Debit,2025-11-21 16:48:47.630176
JOHN_PERSONAL,Personal,b5051f10-4b23-40d7-8601-193e91dc6153,2024-10-11,2024-10-11,174.11,Durable Goods (Not Elsewhere Classified),Shopping,5099,Durable Goods (Not Elsewhere Classified),Posted,USD,Debit,Debit,2025-11-21 16:48:47.630176
JOHN_PERSONAL,Personal,796482ce-7d2e-4145-aa08-eb2df21fb20a,2024-10-12,2024-10-12,196.03,"Car and Truck Dealers (Used Only) Sales, Service, Repairs, Parts, and Leasing",Shopping,5521,"Car and Truck Dealers (Used Only) Sales, Service, Repairs, Parts, and Leasing",Posted,USD,Debit,Debit,2025-11-21 16:48:47.630176
JOHN_PERSONAL,Personal,f7a11236-2167-47ce-8cd8-4dfe1b001db0,2024-10-14,2024-10-14,237.77,Camera and Photographic Supply Stores,Shopping,5946,Camera and Photographic Supply Stores,Posted,USD,Debit,Debit,2025-11-21 16:48:47.630176
JOHN_PERSONAL,Personal,fd5129f6-b799-459d-9b73-713cda73aa61,2024-10-15,2024-10-15,3000.0,Direct Deposit,Paycheck,9961,Direct Deposit,Posted,USD,Credit,Credit,2025-11-21 16:48:47.630176
JOHN_PERSONAL,Personal,eadca7d6-a455-4b45-a2f0-1c750aede86f,2024-10-16,2024-10-16,111.01,"Aquariums, Seaquariums, Dolphinariums, and Zoos",Entertainment,7998,"Aquariums, Seaquariums, Dolphinariums, and Zoos",Posted,USD,Debit,Debit,2025-11-21 16:48:47.630176
JOHN_PERSONAL,Personal,4d54fdae-0a49-41ba-9fd9-acc30ef9be5e,2024-10-17,2024-10-17,40.31,Digital Goods Applications (Excludes Games),Shopping,5817,Digital Goods Applications (Excludes Games),Posted,USD,Debit,Debit,2025-11-21 16:48:47.630176
JOHN_PERSONAL,Personal,66c00ff2-b902-4f46-ba90-58df3f4bb207,2024-10-18,2024-10-18,355.98,Business Services (Not Elsewhere Classified),Business Services,7399,Business Services (Not Elsewhere Classified),Posted,USD,Debit,Debit,2025-11-21 16:48:47.630176
JOHN_PERSONAL,Personal,3dcba82c-8eab-448c-942e-06ac4d0d7c34,2024-10-18,2024-10-18,164.69,Bus Lines,Auto & Transport,4131,Bus Lines,Posted,USD,Debit,Debit,2025-11-21 16:48:47.630176
JOHN_PERSONAL,Personal,77f6c96b-faa5-4df4-9ab2-75f3188e3385,2024-10-18,2024-10-18,228.01,"Fireplace, Fireplace Screens and Accessories Stores",Shopping,5718,"Fireplace, Fireplace Screens and Accessories Stores",Posted,USD,Debit,Debit,2025-11-21 16:48:47.630176
JOHN_PERSONAL,Personal,f5e9d389-628a-49e1-af6d-88199915d46d,2024-10-19,2024-10-19,1345.51,JAPAN AIRLINES,Auto & Transport,3006,JAPAN AIRLINES,Posted,USD,Debit,Debit,2025-11-21 16:48:47.630176
JOHN_PERSONAL,Personal,7830c838-efd2-47e2-b870-3926395f9e88,2024-10-19,2024-10-19,1300.13,JAPAN AIRLINES,Auto & Transport,3006,JAPAN AIRLINES,Posted,USD,Debit,Debit,2025-11-21 16:48:47.630176
JOHN_PERSONAL,Personal,15146fcf-6805-49ff-8f92-92d1d3741792,2024-10-19,2024-10-19,144.46,"Jewelry Stores, Watches, Clocks, and Silverware Stores",Shopping,5944,"Jewelry Stores, Watches, Clocks, and Silverware Stores",Posted,USD,Debit,Debit,2025-11-21 16:48:47.630176
JOHN_PERSONAL,Personal,391d0bee-4dbd-4a57-b9a7-54a58b3afb11,2024-10-21,2024-10-21,1232.14,AIR FRANCE,Auto & Transport,3007,AIR FRANCE,Posted,USD,Debit,Debit,2025-11-21 16:48:47.630176
JOHN_PERSONAL,Personal,ab423dec-29af-4efe-b83a-c25b2db9078e,2024-10-22,2024-10-22,223.87,"Glass, Paint, and Wallpaper Stores",Shopping,5231,"Glass, Paint, and Wallpaper Stores",Posted,USD,Debit,Debit,2025-11-21 16:48:47.630176
JOHN_PERSONAL,Personal,b3de405c-9c59-438c-8230-f14667e6a46c,2024-10-23,2024-10-23,260.15,Electrical Contractors,Business Services,1731,Electrical Contractors,Posted,USD,Debit,Debit,2025-11-21 16:48:47.630176
JOHN_PERSONAL,Personal,9e36d871-8966-49ae-b9cf-7d4197adc5ee,2024-10-24,2024-10-24,474.14,Commercial Footwear,Shopping,5139,Commercial Footwear,Posted,USD,Debit,Debit,2025-11-21 16:48:47.630176
JOHN_PERSONAL,Personal,d6bd2987-d2d5-473d-9ca0-a043e20ad7f3,2024-10-25,2024-10-25,218.16,HERTZ,Auto & Transport,3357,HERTZ,Posted,USD,Debit,Debit,2025-11-21 16:48:47.630176
JOHN_PERSONAL,Personal,f19d89b9-08b5-4bb9-8d8f-5bce46db78ce,2024-10-26,2024-10-26,163.59,"Marinas, Marine Service, and Supplies",Auto & Transport,4468,"Marinas, Marine Service, and Supplies",Posted,USD,Debit,Debit,2025-11-21 16:48:47.630176
JOHN_PERSONAL,Personal,2c42546a-405c-41ed-8731-cbca4d6f693f,2024-10-26,2024-10-26,423.64,"Opticians, Optical Goods, and Eyeglasses",Health & Fitness,8043,"Opticians, Optical Goods, and Eyeglasses",Posted,USD,Debit,Debit,2025-11-21 16:48:47.630176
JOHN_PERSONAL,Personal,c01ca0d1-10f1-4be1-b100-5421f3f8e1e2,2024-10-27,2024-10-27,188.25,Mobile Home Dealers,Shopping,5271,Mobile Home Dealers,Posted,USD,Debit,Debit,2025-11-21 16:48:47.630176
JOHN_PERSONAL,Personal,e73a28d1-b22a-4aa6-8497-f079c7e9a4f1,2024-10-27,2024-10-27,142.65,"Pet Shops, Pet Foods and Supplies Stores",Shopping,5995,"Pet Shops, Pet Foods and Supplies Stores",Posted,USD,Debit,Debit,2025-11-21 16:48:47.630176
JOHN_PERSONAL,Personal,e567e68f-09e4-4934-94ce-e93d90791d46,2024-10-28,2024-10-28,366.3,Testing Laboratories (Non-Medical Testing),Business Services,8734,Testing Laboratories (Non-Medical Testing),Posted,USD,Debit,Debit,2025-11-21 16:48:47.630176
JOHN_PERSONAL,Personal,65fb300b-5b23-49bf-9440-bc8899dac0f8,2024-10-28,2024-10-28,130.32,"Management, Consulting, and Public Relations Services",Business Services,7392,"Management, Consulting, and Public Relations Services",Posted,USD,Debit,Debit,2025-11-21 16:48:47.630176
JOHN_PERSONAL,Personal,cded26d4-a0af-4685-8489-aca7db84db6d,2024-10-28,2024-10-28,199.75,"Courier Services Air and Ground, and Freight Forwarders",Auto & Transport,4215,"Courier Services Air and Ground, and Freight Forwarders",Posted,USD,Debit,Debit,2025-11-21 16:48:47.630176
JOHN_PERSONAL,Personal,0551f62c-b1b6-4ca7-b0e4-19a3c7c922a5,2024-10-28,2024-10-28,242.01,Industrial Supplies (Not Elsewhere Classified),Shopping,5085,Industrial Supplies (Not Elsewhere Classified),Posted,USD,Debit,Debit,2025-11-21 16:48:47.630176
JOHN_PERSONAL,Personal,afaab36d-266b-456b-9c71-72ba34e63b89,2024-10-29,2024-10-29,146.83,"Dance Halls, Studios and Schools",Education,7911,"Dance Halls, Studios and Schools",Posted,USD,Debit,Debit,2025-11-21 16:48:47.630176
JOHN_PERSONAL,Personal,930b52c8-06b4-4548-85c4-6f67aec26ff2,2024-10-31,2024-10-31,500.0,Monthly Bonus - ACH Deposit,Financial,9963,ACH Deposit,Posted,USD,Credit,Credit,2025-11-21 16:48:47.630176
JOHN_PERSONAL,Personal,26e75f8f-a17b-4978-95cc-7e2fb70512b1,2024-11-01,2024-11-01,51.24,HERTZ,Auto & Transport,3357,HERTZ,Posted,USD,Debit,Debit,2025-11-21 16:48:47.630176
JOHN_PERSONAL,Personal,b8126b44-3717-4ea1-9565-e2ff80088cf1,2024-11-01,2024-11-01,3000.0,Direct Deposit,Paycheck,9961,Direct Deposit,Posted,USD,Credit,Credit,2025-11-21 16:48:47.630176
JOHN_PERSONAL,Personal,ed0eb9ae-2cd3-4e54-b491-03c2946aafa2,2024-11-01,2024-11-01,220.31,Doctors and Physicians (Not Elsewhere Classified),Health & Fitness,8011,Doctors and Physicians (Not Elsewhere Classified),Posted,USD,Debit,Debit,2025-11-21 16:48:47.630176
JOHN_PERSONAL,Personal,04551746-6c2a-4bbe-bc72-31d7ae4d4e4e,2024-11-02,2024-11-02,27.95,"Laundry, Cleaning, and Garment Services",Business Services,7210,"Laundry, Cleaning, and Garment Services",Posted,USD,Debit,Debit,2025-11-21 16:48:47.630176
JOHN_PERSONAL,Personal,8f53b7ae-f43e-41d3-a323-5915f8d27465,2024-11-04,2024-11-04,178.2,Caterers,Shopping,5811,Caterers,Posted,USD,Debit,Debit,2025-11-21 16:48:47.630176
JOHN_PERSONAL,Personal,590a65de-00ae-445c-85b7-5267d22454d8,2024-11-04,2024-11-04,96.37,"Laundry, Cleaning, and Garment Services",Business Services,7210,"Laundry, Cleaning, and Garment Services",Posted,USD,Debit,Debit,2025-11-21 16:48:47.630176
JOHN_PERSONAL,Personal,f9f7083b-2028-4a7d-8fea-c96126a4b189,2024-11-04,2024-11-04,833.74,Loan Payment,Fees & Charges,9980,Loan Payment,Posted,USD,Debit,Debit,2025-11-21 16:48:47.630176
JOHN_PERSONAL,Personal,97794111-0475-41da-a393-d2eb97b1ea55,2024-11-04,2024-11-04,42.61,"Courier Services Air and Ground, and Freight Forwarders",Auto & Transport,4215,"Courier Services Air and Ground, and Freight Forwarders",Posted,USD,Debit,Debit,2025-11-21 16:48:47.630176
JOHN_PERSONAL,Personal,cc05e7f9-a6f9-48f0-b444-1264fd8f4248,2024-11-05,2024-11-05,239.89,MARRIOTT,Travel,3509,MARRIOTT,Posted,USD,Debit,Debit,2025-11-21 16:48:47.630176
JOHN_PERSONAL,Personal,65331530-88d4-4029-a7e4-26f76e7e1b58,2024-11-05,2024-11-05,112.41,Funeral Services and Crematories,Business Services,7261,Funeral Services and Crematories,Posted,USD,Debit,Debit,2025-11-21 16:48:47.630176
JOHN_PERSONAL,Personal,7d97e230-1020-4815-ac96-6c411915f4d3,2024-11-05,2024-11-05,95.84,Exterminating and Disinfecting Services,Business Services,7342,Exterminating and Disinfecting Services,Posted,USD,Debit,Debit,2025-11-21 16:48:47.630176
JOHN_PERSONAL,Personal,23d4afad-bf55-426a-9232-aa6b10a30c01,2024-11-05,2024-11-05,172.68,"Furniture, Home Furnishings, and Equipment Stores, Except Appliances",Shopping,5712,"Furniture, Home Furnishings, and Equipment Stores, Except Appliances",Posted,USD,Debit,Debit,2025-11-21 16:48:47.630176
JOHN_PERSONAL,Personal,957876aa-20c9-4e6d-8b08-4a4ae31b3991,2024-11-06,2024-11-06,15.6,"Commercial Sports, Professional Sports Clubs, Athletic Fields, and Sports Promoters",Entertainment,7941,"Commercial Sports, Professional Sports Clubs, Athletic Fields, and Sports Promoters",Posted,USD,Debit,Debit,2025-11-21 16:48:47.630176
JOHN_PERSONAL,Personal,11a15dfc-96c6-4816-8963-13f5afa17c5b,2024-11-06,2024-11-06,206.79,Camera and Photographic Supply Stores,Shopping,5946,Camera and Photographic Supply Stores,Posted,USD,Debit,Debit,2025-11-21 16:48:47.630176
JOHN_PERSONAL,Personal,f9498db8-b417-4857-8f61-7f7783d2168c,2024-11-06,2024-11-06,91.05,Marketplaces,Shopping,5262,Marketplaces,Posted,USD,Debit,Debit,2025-11-21 16:48:47.630176
JOHN_PERSONAL,Personal,ce57ce48-e234-4d07-b55e-f09de411701a,2024-11-07,2024-11-07,223.51,Children and Infants Wear Stores,Shopping,5641,Children and Infants Wear Stores,Posted,USD,Debit,Debit,2025-11-21 16:48:47.630176
JOHN_PERSONAL,Personal,b3ace78a-6a50-42bd-be50-076601a251e2,2024-11-07,2024-11-07,341.99,Legal Services and Attorneys,Business Services,8111,Legal Services and Attorneys,Posted,USD,Debit,Debit,2025-11-21 16:48:47.630176
JOHN_PERSONAL,Personal,35af8b73-dd73-4d42-80a3-f92dc7144d49,2024-11-08,2024-11-08,154.65,Money Transfer,Bills & Utilities,4829,Money Transfer,Posted,USD,Debit,Debit,2025-11-21 16:48:47.630176
JOHN_PERSONAL,Personal,ae27bdc6-3bc9-4507-a61e-0eb16550b428,2024-11-09,2024-11-09,156.72,Welding Services,Business Services,7692,Welding Services,Posted,USD,Debit,Debit,2025-11-21 16:48:47.630176
JOHN_PERSONAL,Personal,c3b2d44e-6553-41d1-b850-21d77c1e4b3d,2024-11-10,2024-11-10,276.39,"Jewelry Stores, Watches, Clocks, and Silverware Stores",Shopping,5944,"Jewelry Stores, Watches, Clocks, and Silverware Stores",Posted,USD,Debit,Debit,2025-11-21 16:48:47.630176
JOHN_PERSONAL,Personal,00c446fe-fafe-49ba-a8b4-bc4e000a3441,2024-11-11,2024-11-11,113.07,Men and Women Clothing Stores,Shopping,5691,Men and Women Clothing Stores,Posted,USD,Debit,Debit,2025-11-21 16:48:47.630176
JOHN_PERSONAL,Personal,abd81e6a-fbaa-45b2-ae0f-f5f8f60ad2ef,2024-11-11,2024-11-11,38.77,Fast Food Restaurants,Food & Dining,5814,Fast Food Restaurants,Posted,USD,Debit,Debit,2025-11-21 16:48:47.630176
JOHN_PERSONAL,Personal,3f0120b9-74ce-4542-abb4-8b9415d3c974,2024-11-11,2024-11-11,20.71,Loan Fee,Fees & Charges,9973,Loan Fee,Posted,USD,Debit,Debit,2025-11-21 16:48:47.630176
JOHN_PERSONAL,Personal,bf2ed75c-d493-463d-8b75-e8a632b47fea,2024-11-11,2024-11-11,253.07,Timeshares,Business Services,7012,Timeshares,Posted,USD,Debit,Debit,2025-11-21 16:48:47.630176
JOHN_PERSONAL,Personal,125e1104-1380-40c4-a1a6-ee7943265641,2024-11-12,2024-11-12,266.77,"Antique Shops Sales, Repairs, and Restoration Services",Shopping,5932,"Antique Shops Sales, Repairs, and Restoration Services",Posted,USD,Debit,Debit,2025-11-21 16:48:47.630176
JOHN_PERSONAL,Personal,ed53deff-64b9-4b6a-b03d-75b0f01dce51,2024-11-13,2024-11-13,205.94,"Management, Consulting, and Public Relations Services",Business Services,7392,"Management, Consulting, and Public Relations Services",Posted,USD,Debit,Debit,2025-11-21 16:48:47.630176
JOHN_PERSONAL,Personal,5cd79411-0be7-4a52-8b2b-71f511254aec,2024-11-13,2024-11-13,87.61,"Lodging Hotels, Motels, Resorts, Central Reservation Services (Not Elsewhere Classified)",Business Services,7011,"Lodging Hotels, Motels, Resorts, Central Reservation Services (Not Elsewhere Classified)",Posted,USD,Debit,Debit,2025-11-21 16:48:47.630176
JOHN_PERSONAL,Personal,b65e33f4-2252-4a0b-98e4-a6e5d2343c0c,2024-11-13,2024-11-13,448.33,Miscellaneous Publishing and Printing,Business Services,2741,Miscellaneous Publishing and Printing,Posted,USD,Debit,Debit,2025-11-21 16:48:47.630176
JOHN_PERSONAL,Personal,0a622d30-ccb5-4f3f-9e43-ce747257d8da,2024-11-15,2024-11-15,3000.0,Direct Deposit,Paycheck,9961,Direct Deposit,Posted,USD,Credit,Credit,2025-11-21 16:48:47.630176
JOHN_PERSONAL,Personal,d45bc950-54e5-4cbd-b118-b62ea7a6f732,2024-11-15,2024-11-15,227.62,Electronics Stores,Shopping,5732,Electronics Stores,Posted,USD,Debit,Debit,2025-11-21 16:48:47.630176
JOHN_PERSONAL,Personal,0c9a00ba-a668-426e-839a-393882fb6aa5,2024-11-15,2024-11-15,263.37,Art Dealers and Galleries,Shopping,5971,Art Dealers and Galleries,Posted,USD,Debit,Debit,2025-11-21 16:48:47.630176
JOHN_PERSONAL,Personal,2ce00527-cb21-41ca-a1c6-059a1a3eca30,2024-11-17,2024-11-17,63.6,Antique Reproductions,Shopping,5937,Antique Reproductions,Posted,USD,Debit,Debit,2025-11-21 16:48:47.630176
JOHN_PERSONAL,Personal,230b9dd5-645f-4988-bf29-98b6f266213d,2024-11-17,2024-11-17,73.88,"Marinas, Marine Service, and Supplies",Auto & Transport,4468,"Marinas, Marine Service, and Supplies",Posted,USD,Debit,Debit,2025-11-21 16:48:47.630176
JOHN_PERSONAL,Personal,d3516e13-c5da-492f-93f4-97f5a0732173,2024-11-18,2024-11-18,48.48,Electronics Stores,Shopping,5732,Electronics Stores,Posted,USD,Debit,Debit,2025-11-21 16:48:47.630176
JOHN_PERSONAL,Personal,365a389d-749d-4587-a7c2-2b262898c500,2024-11-18,2024-11-18,447.69,"Candy, Nut, and Confectionery Stores",Shopping,5441,"Candy, Nut, and Confectionery Stores",Posted,USD,Debit,Debit,2025-11-21 16:48:47.630176
JOHN_PERSONAL,Personal,6e33b6bf-431b-4b31-86cb-50f8f608ed24,2024-11-19,2024-11-19,29.73,Automotive Tire Stores,Shopping,5532,Automotive Tire Stores,Posted,USD,Debit,Debit,2025-11-21 16:48:47.630176
JOHN_PERSONAL,Personal,6869f50b-6434-4cb9-9c62-46e2b7cae3a6,2024-11-19,2024-11-19,262.1,Religious Organizations,Business Services,8661,Religious Organizations,Posted,USD,Debit,Debit,2025-11-21 16:48:47.630176
JOHN_PERSONAL,Personal,2b830fe7-efa1-42aa-9ff3-9621e597c848,2024-11-20,2024-11-20,272.24,Children and Infants Wear Stores,Shopping,5641,Children and Infants Wear Stores,Posted,USD,Debit,Debit,2025-11-21 16:48:47.630176
JOHN_PERSONAL,Personal,4dd1aef2-8537-46da-852c-38c3d40e319f,2024-11-21,2024-11-21,453.82,Political Organizations,Business Services,8651,Political Organizations,Posted,USD,Debit,Debit,2025-11-21 16:48:47.630176
JOHN_PERSONAL,Personal,98eae1f2-b2d3-4f57-bc2f-5f7d90a90a72,2024-11-22,2024-11-22,114.23,SHERATON,Travel,3503,SHERATON,Posted,USD,Debit,Debit,2025-11-21 16:48:47.630176
JOHN_PERSONAL,Personal,caf90e99-e8d1-4d72-9d07-8e70ecc4beda,2024-11-22,2024-11-22,123.86,Carpet and Upholstery Cleaning,Business Services,7217,Carpet and Upholstery Cleaning,Posted,USD,Debit,Debit,2025-11-21 16:48:47.630176
JOHN_PERSONAL,Personal,91bd0d7b-609b-4bfd-9808-22a2d79a8aae,2024-11-24,2024-11-24,64.12,Hospitals,Health & Fitness,8062,Hospitals,Posted,USD,Debit,Debit,2025-11-21 16:48:47.630176
JOHN_PERSONAL,Personal,7038fbaa-73b8-4e3c-8e40-ecea85445bb5,2024-11-25,2024-11-25,158.15,Electric Razor Stores Sales and Service,Shopping,5997,Electric Razor Stores Sales and Service,Posted,USD,Debit,Debit,2025-11-21 16:48:47.630176
JOHN_PERSONAL,Personal,b880d537-9c06-41d3-bb0a-401306e427e3,2024-11-25,2024-11-25,139.74,Mobile Home Dealers,Shopping,5271,Mobile Home Dealers,Posted,USD,Debit,Debit,2025-11-21 16:48:47.630176
JOHN_PERSONAL,Personal,faf7ddbe-dd03-4190-94ba-62ca7fe4133a,2024-11-25,2024-11-25,173.45,"Amusement Parks, Circuses, Carnivals, and Fortune Tellers",Entertainment,7996,"Amusement Parks, Circuses, Carnivals, and Fortune Tellers",Posted,USD,Debit,Debit,2025-11-21 16:48:47.630176
JOHN_PERSONAL,Personal,d8eaf1fe-0b0d-43be-a1c9-8f82e1b3b576,2024-11-25,2024-11-25,297.6,"Insurance Sales, Underwriting, and Premiums",Business Services,6300,"Insurance Sales, Underwriting, and Premiums",Posted,USD,Debit,Debit,2025-11-21 16:48:47.630176
JOHN_PERSONAL,Personal,b0f9ffa7-cfdc-4343-ab0c-399c169ba829,2024-11-26,2024-11-26,106.88,Package Tour Operators Germany Only,Auto & Transport,4723,Package Tour Operators Germany Only,Posted,USD,Debit,Debit,2025-11-21 16:48:47.630176
JOHN_PERSONAL,Personal,280624a0-43fa-48bc-b23b-5cf8d4756315,2024-11-26,2024-11-26,51.93,Airlines and Air Carriers (Not Elsewhere Classified),Auto & Transport,4511,Airlines and Air Carriers (Not Elsewhere Classified),Posted,USD,Debit,Debit,2025-11-21 16:48:47.630176
JOHN_PERSONAL,Personal,75ac60ce-3263-4e19-b7ca-9b6c4533cfdc,2024-11-26,2024-11-26,502.93,Branch Deposit,Financial,9965,Branch Deposit,Posted,USD,Credit,Credit,2025-11-21 16:48:47.630176
JOHN_PERSONAL,Personal,a255c4b4-aacd-401e-b6a2-835aa1e73f37,2024-11-27,2024-11-27,55.61,Marketplaces,Shopping,5262,Marketplaces,Posted,USD,Debit,Debit,2025-11-21 16:48:47.630176
JOHN_PERSONAL,Personal,6cea0f76-35b0-4cbd-91cf-5bec5606e248,2024-11-29,2024-11-29,220.94,"Glass, Paint, and Wallpaper Stores",Shopping,5231,"Glass, Paint, and Wallpaper Stores",Posted,USD,Debit,Debit,2025-11-21 16:48:47.630176
JOHN_PERSONAL,Personal,75075416-32e5-4b36-8cd1-c51e5af66e4e,2024-11-29,2024-11-29,382.42,Grocery Stores and Supermarkets,Shopping,5411,Grocery Stores and Supermarkets,Posted,USD,Debit,Debit,2025-11-21 16:48:47.630176
JOHN_PERSONAL,Personal,12a202ff-1a92-4cdb-aeb5-bd270e065ffd,2024-11-30,2024-11-30,500.0,Monthly Bonus - ACH Deposit,Financial,9963,ACH Deposit,Posted,USD,Credit,Credit,2025-11-21 16:48:47.630176
JOHN_PERSONAL,Personal,72d8b41d-e94e-4c5d-8a16-0d50d4b478a6,2024-12-01,2024-12-01,3000.0,Direct Deposit,Paycheck,9961,Direct Deposit,Posted,USD,Credit,Credit,2025-11-21 16:48:47.630176
JOHN_PERSONAL,Personal,85523a06-12df-403f-82a2-9b5ff47111b9,2024-12-01,2024-12-01,254.07,Miscellaneous Personal Services (Not Elsewhere Classified),Business Services,7299,Miscellaneous Personal Services (Not Elsewhere Classified),Posted,USD,Debit,Debit,2025-11-21 16:48:47.630176
JOHN_PERSONAL,Personal,25692a60-d9f7-4075-84ba-8171021d2fa9,2024-12-02,2024-12-02,102.37,Religious Goods Stores,Shopping,5973,Religious Goods Stores,Posted,USD,Debit,Debit,2025-11-21 16:48:47.630176
JOHN_PERSONAL,Personal,5aacf609-258d-4272-9352-3b5635c1db68,2024-12-03,2024-12-03,179.07,"Colleges, Universities, Professional Schools, and Junior Colleges",Education,8220,"Colleges, Universities, Professional Schools, and Junior Colleges",Posted,USD,Debit,Debit,2025-11-21 16:48:47.630176
JOHN_PERSONAL,Personal,8ea879e1-b7f5-4bd7-99e0-2d614d5df8be,2024-12-03,2024-12-03,239.36,"Clothing Rental Costumes, Uniforms, Formal Wear",Business Services,7296,"Clothing Rental Costumes, Uniforms, Formal Wear",Posted,USD,Debit,Debit,2025-11-21 16:48:47.630176
JOHN_PERSONAL,Personal,82026d6a-0057-463a-8671-52a46b3be7dc,2024-12-03,2024-12-03,383.72,Dairy Products Stores,Shopping,5451,Dairy Products Stores,Posted,USD,Debit,Debit,2025-11-21 16:48:47.630176
JOHN_PERSONAL,Personal,eb5925d0-44a6-4be9-b47b-7a0f5e0e80ad,2024-12-04,2024-12-04,25.48,Bus Lines,Auto & Transport,4131,Bus Lines,Posted,USD,Debit,Debit,2025-11-21 16:48:47.630176
JOHN_PERSONAL,Personal,b48eab4d-7e93-4203-9a01-7b588a867c3a,2024-12-05,2024-12-05,65.36,Bicycle Shops Sales and Service,Shopping,5940,Bicycle Shops Sales and Service,Posted,USD,Debit,Debit,2025-11-21 16:48:47.630176
JOHN_PERSONAL,Personal,af733a94-17b1-4589-8bca-5525ecdff190,2024-12-05,2024-12-05,28.23,Steamship and Cruise Lines,Auto & Transport,4411,Steamship and Cruise Lines,Posted,USD,Debit,Debit,2025-11-21 16:48:47.630176
JOHN_PERSONAL,Personal,98860800-cdc3-40ab-a8b1-51cae348241c,2024-12-06,2024-12-06,360.05,Petroleum and Petroleum Products,Shopping,5172,Petroleum and Petroleum Products,Posted,USD,Debit,Debit,2025-11-21 16:48:47.630176
JOHN_PERSONAL,Personal,86cc94b4-c7b8-4d6c-9306-2a454e7eea24,2024-12-07,2024-12-07,23.3,"Membership Clubs (Sports, Recreation, Athletic), Country Clubs, and Private Golf Courses",Entertainment,7997,"Membership Clubs (Sports, Recreation, Athletic), Country Clubs, and Private Golf Courses",Posted,USD,Debit,Debit,2025-11-21 16:48:47.630176
JOHN_PERSONAL,Personal,3308c740-0219-47c9-a967-ab2e8f101b55,2024-12-08,2024-12-08,382.1,Optometrists and Ophthalmologists,Health & Fitness,8042,Optometrists and Ophthalmologists,Posted,USD,Debit,Debit,2025-11-21 16:48:47.630176
JOHN_PERSONAL,Personal,07907b61-cb18-4f9c-883f-d1e5fd2015c0,2024-12-09,2024-12-09,192.46,Sporting and Recreational Camps,Business Services,7032,Sporting and Recreational Camps,Posted,USD,Debit,Debit,2025-11-21 16:48:47.630176
JOHN_PERSONAL,Personal,06d1badb-f4e1-4856-85fb-606b3af49031,2024-12-09,2024-12-09,82.38,Welding Services,Business Services,7692,Welding Services,Posted,USD,Debit,Debit,2025-11-21 16:48:47.630176
JOHN_PERSONAL,Personal,1c32274a-5ddb-4603-b23a-0cb92cbcaa97,2024-12-09,2024-12-09,41.99,Electronics Repair Shops,Business Services,7622,Electronics Repair Shops,Posted,USD,Debit,Debit,2025-11-21 16:48:47.630176
JOHN_PERSONAL,Personal,b324b474-9b09-4eaa-8c49-7394b8db1f98,2024-12-10,2024-12-10,267.49,Automotive Paint Shops,Business Services,7535,Automotive Paint Shops,Posted,USD,Debit,Debit,2025-11-21 16:48:47.630176
JOHN_PERSONAL,Personal,b539f2d2-0c77-4ece-8c28-ef01b46e52a4,2024-12-11,2024-12-11,474.76,Fines,Business Services,9222,Fines,Posted,USD,Debit,Debit,2025-11-21 16:48:47.630176
JOHN_PERSONAL,Personal,84600dd8-4e57-47be-90ba-199fa780e035,2024-12-11,2024-12-11,96.17,Telecommunication Equipment and Telephone Sales,Bills & Utilities,4812,Telecommunication Equipment and Telephone Sales,Posted,USD,Debit,Debit,2025-11-21 16:48:47.630176
JOHN_PERSONAL,Personal,43d0d1f0-17c4-4ccc-9ce8-80115e69317a,2024-12-11,2024-12-11,464.53,SHERATON,Travel,3503,SHERATON,Posted,USD,Debit,Debit,2025-11-21 16:48:47.630176
JOHN_PERSONAL,Personal,f51f6c3f-ea89-4596-bb1c-3b2de9306f1e,2024-12-12,2024-12-12,388.0,Motorcycle Shops and Dealers,Shopping,5571,Motorcycle Shops and Dealers,Posted,USD,Debit,Debit,2025-11-21 16:48:47.630176
JOHN_PERSONAL,Personal,94d06e9e-8771-4bb0-9648-4e1c7567dc89,2024-12-13,2024-12-13,312.7,Motor Vehicle Supplies and New Parts,Shopping,5013,Motor Vehicle Supplies and New Parts,Posted,USD,Debit,Debit,2025-11-21 16:48:47.630176
JOHN_PERSONAL,Personal,032fab08-7f08-4ed0-bf69-f4d33469e980,2024-12-13,2024-12-13,117.29,Child Care Services,Education,8351,Child Care Services,Posted,USD,Debit,Debit,2025-11-21 16:48:47.630176
JOHN_PERSONAL,Personal,568feb8a-cff8-4e77-bf96-0bbd5834e478,2024-12-13,2024-12-13,237.86,Freezer and Locker Meat Provisioners,Shopping,5422,Freezer and Locker Meat Provisioners,Posted,USD,Debit,Debit,2025-11-21 16:48:47.630176
JOHN_PERSONAL,Personal,ad4a3bf2-3f7e-4c90-ac4e-5df4ec7a167c,2024-12-13,2024-12-13,44.41,Earned Interest,Interest Income,9967,Earned Interest,Posted,USD,Credit,Credit,2025-11-21 16:48:47.630176
JOHN_PERSONAL,Personal,0469cad0-7be3-4dbc-a8c5-fdda5f3dd6d7,2024-12-14,2024-12-14,451.59,Correspondence Schools,Education,8241,Correspondence Schools,Posted,USD,Debit,Debit,2025-11-21 16:48:47.630176
JOHN_PERSONAL,Personal,dfa40b36-3a4b-41f7-81b1-8901f1222498,2024-12-14,2024-12-14,77.89,"Court Costs, Including Alimony and Child Support",Business Services,9211,"Court Costs, Including Alimony and Child Support",Posted,USD,Debit,Debit,2025-11-21 16:48:47.630176
JOHN_PERSONAL,Personal,e86d6908-c892-4d1c-a2f0-7291b3603842,2024-12-15,2024-12-15,3000.0,Direct Deposit,Paycheck,9961,Direct Deposit,Posted,USD,Credit,Credit,2025-11-21 16:48:47.630176
JOHN_PERSONAL,Personal,8665ede6-4aa9-4795-9c82-000aba777aee,2024-12-18,2024-12-18,188.18,"Stationery, Office Supplies, Printing and Writing Paper",Shopping,5111,"Stationery, Office Supplies, Printing and Writing Paper",Posted,USD,Debit,Debit,2025-11-21 16:48:47.630176
JOHN_PERSONAL,Personal,10ffb203-d143-419e-bd84-42bc27075c22,2024-12-19,2024-12-19,23.77,Caterers,Shopping,5811,Caterers,Posted,USD,Debit,Debit,2025-11-21 16:48:47.630176
JOHN_PERSONAL,Personal,ca915816-ba7b-42e5-94c5-5f014adb5015,2024-12-19,2024-12-19,141.39,"Utilities Electric, Gas, Water, and Sanitary",Bills & Utilities,4900,"Utilities Electric, Gas, Water, and Sanitary",Posted,USD,Debit,Debit,2025-11-21 16:48:47.630176
JOHN_PERSONAL,Personal,49c7dbbe-f2b1-4546-af33-afb8035063d5,2024-12-19,2024-12-19,588.16,Carpentry Contractors,Business Services,1750,Carpentry Contractors,Posted,USD,Debit,Debit,2025-11-21 16:48:47.630176
JOHN_PERSONAL,Personal,225922ee-4a55-4980-9f14-a4db1956e5e8,2024-12-21,2024-12-21,250.64,BRITISH AIRWAYS,Auto & Transport,3005,BRITISH AIRWAYS,Posted,USD,Debit,Debit,2025-11-21 16:48:47.630176
JOHN_PERSONAL,Personal,6b965f54-6468-4235-a493-5db874f12eba,2024-12-21,2024-12-21,101.51,Government-Owned Lotteries (Non-U.S. region),Business Services,9406,Government-Owned Lotteries (Non-U.S. region),Posted,USD,Debit,Debit,2025-11-21 16:48:47.630176
JOHN_PERSONAL,Personal,790a54c4-586d-41ef-8efe-78241fd480a5,2024-12-22,2024-12-22,413.96,Business and Secretarial Schools,Education,8244,Business and Secretarial Schools,Posted,USD,Debit,Debit,2025-11-21 16:48:47.630176
JOHN_PERSONAL,Personal,3ce21faa-1cac-4174-9d0e-a082eeaca4bc,2024-12-22,2024-12-22,120.65,Record Stores,Shopping,5735,Record Stores,Posted,USD,Debit,Debit,2025-11-21 16:48:47.630176
JOHN_PERSONAL,Personal,00d07c0a-695e-49bb-be18-ff74b34ccce1,2024-12-23,2024-12-23,756.99,Electrical Contractors,Business Services,1731,Electrical Contractors,Posted,USD,Debit,Debit,2025-11-21 16:48:47.630176
JOHN_PERSONAL,Personal,d7ccfed3-9c98-468c-8188-d5de328429d7,2024-12-24,2024-12-24,253.2,"Colleges, Universities, Professional Schools, and Junior Colleges",Education,8220,"Colleges, Universities, Professional Schools, and Junior Colleges",Posted,USD,Debit,Debit,2025-11-21 16:48:47.630176
JOHN_PERSONAL,Personal,e7be22a5-075e-4cca-a4a5-1fedd765f23a,2024-12-24,2024-12-24,338.36,"Computer Maintenance, Repair and Services (Not Elsewhere Classified)",Business Services,7379,"Computer Maintenance, Repair and Services (Not Elsewhere Classified)",Posted,USD,Debit,Debit,2025-11-21 16:48:47.630176
JOHN_PERSONAL,Personal,898616c3-a8a4-49a1-97b2-42446e98ccae,2024-12-24,2024-12-24,259.09,Direct Marketing Continuity/Subscription Merchant,Shopping,5968,Direct Marketing Continuity/Subscription Merchant,Posted,USD,Debit,Debit,2025-11-21 16:48:47.630176
JOHN_PERSONAL,Personal,d7019227-6331-4519-897a-721c8a7cc9c3,2024-12-24,2024-12-24,79.4,Business and Secretarial Schools,Education,8244,Business and Secretarial Schools,Posted,USD,Debit,Debit,2025-11-21 16:48:47.630176
JOHN_PERSONAL,Personal,235d0bca-1345-4ad1-bb03-2edd917f2784,2024-12-25,2024-12-25,478.92,MARRIOTT,Travel,3509,MARRIOTT,Posted,USD,Debit,Debit,2025-11-21 16:48:47.630176
JOHN_PERSONAL,Personal,136b91e1-88bd-4421-a53e-775fa1172902,2024-12-25,2024-12-25,96.55,MANDARIN ORIENTAL HOTEL,Travel,3577,MANDARIN ORIENTAL HOTEL,Posted,USD,Debit,Debit,2025-11-21 16:48:47.630176
JOHN_PERSONAL,Personal,553a30d0-f8ad-49fc-bcd4-4fcf3929185c,2024-12-25,2024-12-25,56.69,Camera and Photographic Supply Stores,Shopping,5946,Camera and Photographic Supply Stores,Posted,USD,Debit,Debit,2025-11-21 16:48:47.630176
JOHN_PERSONAL,Personal,399e73c7-0cc3-4c11-a32f-53003ba67d22,2024-12-26,2024-12-26,234.74,Pawn Shops,Shopping,5933,Pawn Shops,Posted,USD,Debit,Debit,2025-11-21 16:48:47.630176
JOHN_PERSONAL,Personal,6764a619-4322-4be6-9de9-00bd0dda39c7,2024-12-26,2024-12-26,125.81,"Gift, Card, Novelty and Souvenir Shops",Shopping,5947,"Gift, Card, Novelty and Souvenir Shops",Posted,USD,Debit,Debit,2025-11-21 16:48:47.630176
JOHN_PERSONAL,Personal,d4cc8ffb-00be-4a03-80b8-1ec931e5d5ac,2024-12-26,2024-12-26,34.68,"Car and Truck Dealers (Used Only) Sales, Service, Repairs, Parts, and Leasing",Shopping,5521,"Car and Truck Dealers (Used Only) Sales, Service, Repairs, Parts, and Leasing",Posted,USD,Debit,Debit,2025-11-21 16:48:47.630176
JOHN_PERSONAL,Personal,148d1dd6-6bf6-4cec-8d62-cce68842d466,2024-12-27,2024-12-27,1335.22,Branch Deposit,Financial,9965,Branch Deposit,Posted,USD,Credit,Credit,2025-11-21 16:48:47.630176
JOHN_PERSONAL,Personal,01dad713-10d1-4620-af85-4b76ced957b3,2024-12-28,2024-12-28,231.43,Direct Marketing Continuity/Subscription Merchant,Shopping,5968,Direct Marketing Continuity/Subscription Merchant,Posted,USD,Debit,Debit,2025-11-21 16:48:47.630176
JOHN_PERSONAL,Personal,9bb5adba-4be1-4116-8de2-3b23e4ae803b,2024-12-28,2024-12-28,267.53,Direct Marketing Insurance Services,Shopping,5960,Direct Marketing Insurance Services,Posted,USD,Debit,Debit,2025-11-21 16:48:47.630176
JOHN_PERSONAL,Personal,61c72fe9-0cab-4313-8022-3d8bfcc56613,2024-12-29,2024-12-29,298.17,Dating Services,Business Services,7273,Dating Services,Posted,USD,Debit,Debit,2025-11-21 16:48:47.630176
JOHN_PERSONAL,Personal,18587ae5-de29-4b0d-ae09-67728b414fb6,2024-12-30,2024-12-30,162.28,Charitable Social Service Organizations,Gifts & Donations,8398,Charitable Social Service Organizations,Posted,USD,Debit,Debit,2025-11-21 16:48:47.630176
JOHN_PERSONAL,Personal,eaedfbd3-f37b-45e7-aad6-c997242ad6a6,2024-12-31,2024-12-31,42.64,Financial Institutions Manual Cash Disbursements,Business Services,6010,Financial Institutions Manual Cash Disbursements,Posted,USD,Debit,Debit,2025-11-21 16:48:47.630176
JOHN_PERSONAL,Personal,40539b4e-6334-47c4-a1a1-85a850f6bb8b,2024-12-31,2024-12-31,106.35,Electric Razor Stores Sales and Service,Shopping,5997,Electric Razor Stores Sales and Service,Posted,USD,Debit,Debit,2025-11-21 16:48:47.630176
JOHN_PERSONAL,Personal,91bc0cd8-5f01-4b10-82ec-40cd1b789d91,2024-12-31,2024-12-31,211.83,Cosmetic Stores,Shopping,5977,Cosmetic Stores,Posted,USD,Debit,Debit,2025-11-21 16:48:47.630176
JOHN_PERSONAL,Personal,b8a05a00-b1e9-401f-8684-7e33d451cf9c,2024-12-31,2024-12-31,99.24,Agricultural Co-operatives,Business Services,763,Agricultural Co-operatives,Posted,USD,Debit,Debit,2025-11-21 16:48:47.630176
JOHN_PERSONAL,Personal,fb0d030f-3740-4345-abe9-9224e433d47d,2024-12-31,2024-12-31,500.0,Monthly Bonus - ACH Deposit,Financial,9963,ACH Deposit,Posted,USD,Credit,Credit,2025-11-21 16:48:47.630176
